site_code,date,gwe
394205N1218871W001,1973-09-30,68.07678832116788
394205N1218871W001,1974-03-31,67.96
394205N1218871W001,1974-10-31,65.76
394205N1218871W001,1975-03-31,70.56
394205N1218871W001,1975-10-31,65.86
394205N1218871W001,1976-02-29,65.76
394205N1218871W001,1976-10-31,65.66
394205N1218871W001,1977-02-28,65.06
394205N1218871W001,1977-10-31,65.06
394205N1218871W001,1978-03-31,69.46
394205N1218871W001,1978-10-31,65.36
394205N1218871W001,1979-02-28,67.56
394205N1218871W001,1979-10-31,66.36
394205N1218871W001,1980-03-31,68.06
394205N1218871W001,1980-10-31,65.96
394205N1218871W001,1981-02-28,66.86
394205N1218871W001,1981-09-30,66.36
394205N1218871W001,1982-02-28,69.86
394205N1218871W001,1982-09-30,67.36
394205N1218871W001,1983-03-31,
394205N1218871W001,1983-09-30,65.86
394205N1218871W001,1984-02-29,67.46
394205N1218871W001,1984-09-30,65.96
394205N1218871W001,1985-02-28,66.66
394205N1218871W001,1985-09-30,67.26
394205N1218871W001,1986-02-28,
394205N1218871W001,1986-09-30,67.26
394205N1218871W001,1987-04-30,67.86
394205N1218871W001,1987-09-30,66.96
394205N1218871W001,1988-02-29,66.56
394205N1218871W001,1988-10-31,69.26
394205N1218871W001,1989-02-28,69.86
394205N1218871W001,1989-09-30,
394205N1218871W001,1990-02-28,
394205N1218871W001,1990-03-31,66.46
394205N1218871W001,1990-09-30,65.16
394205N1218871W001,1991-02-28,70.86
394205N1218871W001,1991-06-30,68.36
394205N1218871W001,1991-07-31,68.16
394205N1218871W001,1991-08-31,69.26
394205N1218871W001,1991-09-30,64.96
394205N1218871W001,1991-11-30,63.76
394205N1218871W001,1991-12-31,67.46
394205N1218871W001,1992-02-29,69.96
394205N1218871W001,1992-08-31,67.16
394205N1218871W001,1992-09-30,65.66
394205N1218871W001,1992-11-30,67.31
394205N1218871W001,1992-12-31,70.16
394205N1218871W001,1993-02-28,71.06
394205N1218871W001,1993-03-31,69.46000000000001
394205N1218871W001,1993-04-30,67.06
394205N1218871W001,1993-05-31,75.26
394205N1218871W001,1993-06-30,67.86
394205N1218871W001,1993-08-31,68.50999999999999
394205N1218871W001,1993-09-30,68.56
394205N1218871W001,1994-02-28,70.76
394205N1218871W001,1994-06-30,68.26
394205N1218871W001,1994-07-31,66.46
394205N1218871W001,1994-08-31,66.56
394205N1218871W001,1994-10-31,68.36
394205N1218871W001,1995-02-28,71.56
394205N1218871W001,1995-04-30,71.16
394205N1218871W001,1995-07-31,68.66
394205N1218871W001,1995-09-30,68.96
394205N1218871W001,1996-03-31,70.66
394205N1218871W001,1996-09-30,69.46
394205N1218871W001,1997-02-28,70.86
394205N1218871W001,1997-06-30,68.86
394205N1218871W001,1997-09-30,65.96
394205N1218871W001,1998-02-28,71.46
394205N1218871W001,1998-09-30,66.26
394205N1218871W001,1999-02-28,
394205N1218871W001,1999-09-30,
394205N1218871W001,2000-03-31,70.86
394205N1218871W001,2000-09-30,68.86
394205N1218871W001,2001-03-31,
394205N1218871W001,2001-07-31,68.76
394205N1218871W001,2001-08-31,
394205N1218871W001,2001-09-30,
394430N1218904W001,1992-07-31,14.66
394430N1218904W001,1992-09-30,69.71000000000001
394430N1218904W001,1992-11-30,
394430N1218904W001,1992-12-31,71.66
394430N1218904W001,1993-02-28,73.56
394430N1218904W001,1993-03-31,70.75999999999999
394430N1218904W001,1993-04-30,
394430N1218904W001,1993-06-30,
394430N1218904W001,1993-07-31,49.76
394430N1218904W001,1993-08-31,
394430N1218904W001,1993-09-30,
394430N1218904W001,1993-11-30,70.36
394430N1218904W001,1994-01-31,
394430N1218904W001,1994-02-28,
394430N1218904W001,1994-03-31,
394430N1218904W001,1994-05-31,
394654N1218579W001,1973-09-30,77.74553459119497
394654N1218579W001,1973-10-31,76.96
394654N1218579W001,1973-11-30,77.76
394654N1218579W001,1973-12-31,77.96
394654N1218579W001,1974-01-31,77.76
394654N1218579W001,1974-02-28,76.96
394654N1218579W001,1974-03-31,77.06
394654N1218579W001,1974-04-30,77.36
394654N1218579W001,1974-05-31,77.26
394654N1218579W001,1974-06-30,78.46
394654N1218579W001,1974-08-31,79.46
394654N1218579W001,1974-09-30,76.96
394654N1218579W001,1974-10-31,76.66
394654N1218579W001,1974-12-31,77.96
394654N1218579W001,1975-01-31,76.76
394654N1218579W001,1975-02-28,77.76
394654N1218579W001,1975-03-31,78.46
394654N1218579W001,1975-04-30,77.96
394654N1218579W001,1975-05-31,78.56
394654N1218579W001,1975-06-30,78.66
394654N1218579W001,1975-07-31,78.86
394654N1218579W001,1975-09-30,78.96
394654N1218579W001,1975-10-31,76.46
394654N1218579W001,1975-11-30,76.36
394654N1218579W001,1975-12-31,76.36
394654N1218579W001,1976-01-31,76.16
394654N1218579W001,1976-02-29,76.21
394654N1218579W001,1976-04-30,76.16
394654N1218579W001,1976-05-31,77.36
394654N1218579W001,1976-06-30,75.76
394654N1218579W001,1976-07-31,77.76
394654N1218579W001,1976-08-31,78.16
394654N1218579W001,1976-09-30,76.16
394654N1218579W001,1976-11-30,75.76
394654N1218579W001,1976-12-31,75.56
394654N1218579W001,1977-01-31,75.76
394654N1218579W001,1977-02-28,75.61
394654N1218579W001,1977-04-30,73.86
394654N1218579W001,1977-05-31,78.96
394654N1218579W001,1977-06-30,77.76
394654N1218579W001,1977-07-31,78.06
394654N1218579W001,1977-08-31,79.46
394654N1218579W001,1977-09-30,77.16
394654N1218579W001,1977-10-31,76.46
394654N1218579W001,1977-11-30,75.56
394654N1218579W001,1977-12-31,76.96
394654N1218579W001,1978-01-31,77.96
394654N1218579W001,1978-02-28,77.46
394654N1218579W001,1978-03-31,76.86
394654N1218579W001,1978-04-30,76.46
394654N1218579W001,1978-05-31,78.36
394654N1218579W001,1978-06-30,77.96
394654N1218579W001,1978-07-31,76.66
394654N1218579W001,1978-08-31,78.96
394654N1218579W001,1978-09-30,78.16
394654N1218579W001,1978-10-31,76.26
394654N1218579W001,1978-11-30,75.96
394654N1218579W001,1978-12-31,75.96
394654N1218579W001,1979-01-31,78.66
394654N1218579W001,1979-02-28,78.41
394654N1218579W001,1979-04-30,76.36
394654N1218579W001,1979-08-31,78.96
394654N1218579W001,1979-10-31,76.36
394654N1218579W001,1980-03-31,76.96
394654N1218579W001,1980-10-31,75.36
394654N1218579W001,1981-02-28,76.96
394654N1218579W001,1981-09-30,77.06
394654N1218579W001,1982-02-28,77.76
394654N1218579W001,1982-09-30,76.76
394654N1218579W001,1983-03-31,79.36
394654N1218579W001,1983-09-30,76.86
394654N1218579W001,1984-02-29,75.26
394654N1218579W001,1984-09-30,75.16
394654N1218579W001,1985-02-28,74.96
394654N1218579W001,1985-09-30,76.16
394654N1218579W001,1986-02-28,77.66
394654N1218579W001,1986-09-30,76.46
394654N1218579W001,1987-03-31,78.46
394654N1218579W001,1987-10-31,76.36
394654N1218579W001,1988-02-29,76.26
394654N1218579W001,1988-10-31,76.16
394654N1218579W001,1989-02-28,77.66
394654N1218579W001,1989-09-30,77.06
394654N1218579W001,1990-02-28,77.46
394654N1218579W001,1990-09-30,76.56
394654N1218579W001,1991-02-28,79.56
394654N1218579W001,1991-06-30,75.61
394654N1218579W001,1991-07-31,77.76
394654N1218579W001,1991-08-31,77.86
394654N1218579W001,1991-09-30,76.86
394654N1218579W001,1991-11-30,75.96
394654N1218579W001,1991-12-31,76.16
394654N1218579W001,1992-02-29,77.66
394654N1218579W001,1992-07-31,76.31
394654N1218579W001,1992-08-31,77.66
394654N1218579W001,1992-09-30,75.76
394654N1218579W001,1992-11-30,76.56
394654N1218579W001,1992-12-31,79.06
394654N1218579W001,1993-02-28,79.26
394654N1218579W001,1993-03-31,77.81
394654N1218579W001,1993-04-30,76.86
394654N1218579W001,1993-06-30,77.96
394654N1218579W001,1993-07-31,77.56
394654N1218579W001,1993-08-31,78.66
394654N1218579W001,1993-09-30,77.96000000000001
394654N1218579W001,1994-02-28,77.16
394654N1218579W001,1994-06-30,78.00999999999999
394654N1218579W001,1994-07-31,76.46
394654N1218579W001,1994-08-31,77.31
394654N1218579W001,1994-10-31,76.16
394654N1218579W001,1995-02-28,78.06
394654N1218579W001,1995-04-30,77.66
394654N1218579W001,1995-06-30,78.31
394654N1218579W001,1995-07-31,76.66
394654N1218579W001,1995-09-30,76.76
394654N1218579W001,1996-03-31,76.96
394654N1218579W001,1996-07-31,78.16
394654N1218579W001,1996-09-30,76.66
394654N1218579W001,1996-12-31,79.16
394654N1218579W001,1997-02-28,77.06
394654N1218579W001,1997-07-31,78.16
394654N1218579W001,1997-09-30,76.26
394654N1218579W001,1998-02-28,77.56
394654N1218579W001,1998-06-30,78.26
394654N1218579W001,1998-08-31,78.66
394654N1218579W001,1998-09-30,76.56
394654N1218579W001,1999-02-28,76.36
394654N1218579W001,1999-06-30,80.46
394654N1218579W001,1999-07-31,79.46
394654N1218579W001,1999-09-30,72.46
394654N1218579W001,2000-03-31,77.66
394654N1218579W001,2000-06-30,78.56
394654N1218579W001,2000-08-31,78.86
394654N1218579W001,2000-09-30,
394654N1218579W001,2001-03-31,
394654N1218579W001,2001-07-31,
394654N1218579W001,2001-08-31,
394654N1218579W001,2001-09-30,
394654N1218579W001,2002-03-31,
394654N1218579W001,2002-07-31,
394654N1218579W001,2002-08-31,
394654N1218579W001,2002-10-31,
394654N1218579W001,2003-02-28,
394654N1218579W001,2003-10-31,
394654N1218579W001,2004-03-31,
394654N1218579W001,2004-07-31,
394654N1218579W001,2004-08-31,
394654N1218579W001,2004-10-31,
394654N1218579W001,2005-03-31,
394654N1218579W001,2005-06-30,
394654N1218579W001,2005-07-31,
395039N1218605W001,1992-07-31,54.56
395039N1218605W001,1992-08-31,84.56
395039N1218605W001,1992-09-30,84.86
395039N1218605W001,1992-11-30,86.41
395039N1218605W001,1992-12-31,88.16
395039N1218605W001,1993-02-28,89.36
395039N1218605W001,1993-03-31,88.06
395039N1218605W001,1993-04-30,
395039N1218605W001,1993-06-30,82.36
395039N1218605W001,1993-07-31,75.56
395039N1218605W001,1993-08-31,89.06
395039N1218605W001,1993-09-30,87.41
395039N1218605W001,1993-11-30,89.16
395039N1218605W001,1994-01-31,89.06
395039N1218605W001,1994-02-28,88.56
395039N1218605W001,1994-03-31,86.36
395039N1218605W001,1994-05-31,54.160000000000004
395039N1218605W001,1994-06-30,18.76
395039N1218605W001,1994-07-31,21.76
395039N1218605W001,1994-08-31,64.56
395039N1218605W001,1994-10-31,84.06
395039N1218605W001,1994-11-30,86.26
395039N1218605W001,1995-02-28,89.36
395039N1218605W001,1995-04-30,
395039N1218605W001,1995-06-30,88.16
395039N1218605W001,1995-07-31,88.46
395039N1218605W001,1995-09-30,87.96
395039N1218605W001,1996-03-31,88.16
395039N1218605W001,1996-07-31,89.96
395039N1218605W001,1996-09-30,88.36
395039N1218605W001,1996-12-31,86.56
395039N1218605W001,1997-02-28,87.36
395039N1218605W001,1997-06-30,88.56
395039N1218605W001,1997-10-31,
395082N1218923W001,1973-09-30,88.20905660377359
395082N1218923W001,1974-03-31,89.46
395082N1218923W001,1974-10-31,87.26
395082N1218923W001,1975-03-31,90.16
395082N1218923W001,1975-10-31,86.56
395082N1218923W001,1976-02-29,85.46
395082N1218923W001,1976-10-31,86.06
395082N1218923W001,1977-02-28,84.66
395082N1218923W001,1977-10-31,85.66
395082N1218923W001,1978-03-31,89.56
395082N1218923W001,1978-10-31,86.36
395082N1218923W001,1979-02-28,89.16
395082N1218923W001,1979-10-31,87.36
395082N1218923W001,1980-03-31,89.46
395082N1218923W001,1980-10-31,87.26
395082N1218923W001,1981-02-28,88.56
395082N1218923W001,1981-09-30,88.76
395082N1218923W001,1982-02-28,
395082N1218923W001,1982-09-30,
395095N1218644W001,1991-07-31,52.96
395095N1218644W001,1991-08-31,65.36
395095N1218644W001,1991-09-30,86.16
395095N1218644W001,1991-11-30,85.76
395095N1218644W001,1991-12-31,87.76
395095N1218644W001,1992-02-29,89.86
395095N1218644W001,1992-07-31,
395095N1218644W001,1992-08-31,66.50999999999999
395095N1218644W001,1992-09-30,85.86
395095N1218644W001,1992-11-30,87.36
395095N1218644W001,1992-12-31,89.36
395095N1218644W001,1993-02-28,90.26
395095N1218644W001,1993-03-31,89.06
395095N1218644W001,1993-04-30,84.06
395095N1218644W001,1993-06-30,88.66
395095N1218644W001,1993-07-31,86.06
395095N1218644W001,1993-08-31,90.56
395095N1218644W001,1993-09-30,88.91
395095N1218644W001,1994-02-28,89.16
395095N1218644W001,1994-06-30,54.41
395095N1218644W001,1994-07-31,53.16
395095N1218644W001,1994-08-31,70.41
395095N1218644W001,1994-10-31,85.56
395095N1218644W001,1995-02-28,90.86
395095N1218644W001,1995-04-30,89.56
395095N1218644W001,1995-06-30,88.96000000000001
395095N1218644W001,1995-07-31,87.56
395095N1218644W001,1995-09-30,88.86
395095N1218644W001,1996-03-31,
395095N1218644W001,1996-07-31,90.26
395095N1218644W001,1996-09-30,86.06
395095N1218644W001,1996-12-31,89.96
395095N1218644W001,1997-02-28,88.56
395095N1218644W001,1997-07-31,90.11
395095N1218644W001,1997-09-30,63.36
395095N1218644W001,1998-02-28,89.86
395095N1218644W001,1998-06-30,89.66
395095N1218644W001,1998-08-31,90.36
395095N1218644W001,1998-09-30,87.46
395095N1218644W001,1999-02-28,
395095N1218644W001,1999-06-30,89.96
395095N1218644W001,1999-07-31,90.16
395095N1218644W001,1999-09-30,86.56
395095N1218644W001,2000-03-31,89.56
395095N1218644W001,2000-06-30,90.16
395095N1218644W001,2000-08-31,89.96
395095N1218644W001,2000-09-30,85.06
395095N1218644W001,2001-03-31,89.16
395095N1218644W001,2001-07-31,89.96
395095N1218644W001,2001-08-31,89.96
395095N1218644W001,2001-09-30,88.86
395095N1218644W001,2002-03-31,88.11
395095N1218644W001,2002-07-31,88.46
395095N1218644W001,2002-08-31,89.56
395095N1218644W001,2002-10-31,85.76
395095N1218644W001,2003-02-28,88.96
395095N1218644W001,2003-07-31,87.56
395095N1218644W001,2003-09-30,87.16
395095N1218644W001,2004-03-31,88.06
395095N1218644W001,2004-07-31,89.36
395095N1218644W001,2004-08-31,86.06
395095N1218644W001,2004-10-31,89.56
395095N1218644W001,2005-03-31,92.56
395095N1218644W001,2005-06-30,88.76
395095N1218644W001,2005-07-31,88.06
395095N1218644W001,2005-10-31,88.86
395095N1218644W001,2006-03-31,90.26
395095N1218644W001,2006-07-31,88.16
395095N1218644W001,2006-08-31,90.16
395095N1218644W001,2006-09-30,87.86
395095N1218644W001,2007-03-31,88.36
395095N1218644W001,2007-06-30,89.36
395095N1218644W001,2007-07-31,89.66
395095N1218644W001,2007-09-30,89.06
395095N1218644W001,2008-02-29,89.46
395095N1218644W001,2008-06-30,89.36
395095N1218644W001,2008-07-31,89.9
395095N1218644W001,2008-10-31,88.51
395095N1218644W001,2008-12-31,89.39
395095N1218644W001,2009-03-31,88.76
395095N1218644W001,2009-05-31,89.26
395095N1218644W001,2009-06-30,89.76
395095N1218644W001,2009-07-31,90.06
395095N1218644W001,2009-09-30,88.16
395095N1218644W001,2009-10-31,89.06
395095N1218644W001,2010-03-31,88.26
395095N1218644W001,2010-06-30,89.46
395095N1218644W001,2010-07-31,89.96
395095N1218644W001,2010-10-31,85.66
395095N1218644W001,2011-03-31,89.36
395095N1218644W001,2011-06-30,89.56
395095N1218644W001,2011-07-31,89.86
395095N1218644W001,2011-09-30,86.76
395095N1218644W001,2012-03-31,88.76
395095N1218644W001,2012-06-30,
395095N1218644W001,2012-07-31,88.96
395095N1218644W001,2012-10-31,86.46
395095N1218644W001,2013-03-31,
395095N1218644W001,2013-06-30,
395095N1218644W001,2013-07-31,
395095N1218644W001,2013-09-30,86.96
395095N1218644W001,2014-03-31,
395095N1218644W001,2014-05-31,88.16
395095N1218644W001,2014-06-30,
395095N1218644W001,2014-07-31,
395095N1218644W001,2014-08-31,
395095N1218644W001,2014-09-30,
395095N1218644W001,2015-03-31,87.51
395095N1218644W001,2015-04-30,85.53
395095N1218644W001,2015-05-31,
395095N1218644W001,2015-06-30,
395095N1218644W001,2015-07-31,
395095N1218644W001,2015-08-31,
395095N1218644W001,2015-09-30,
395095N1218644W001,2016-03-31,88.06
395095N1218644W001,2016-04-30,88.96
395095N1218644W001,2016-05-31,
395095N1218644W001,2016-06-30,
395095N1218644W001,2016-07-31,
395095N1218644W001,2016-08-31,
395095N1218644W001,2016-09-30,
395095N1218644W001,2017-03-31,
395095N1218644W001,2017-06-30,
395095N1218644W001,2017-07-31,89.96
395095N1218644W001,2017-09-30,86.96
395095N1218644W001,2018-03-31,88.86
395095N1218644W001,2018-06-30,89.16
395095N1218644W001,2018-07-31,
395095N1218644W001,2018-09-30,
395095N1218644W001,2019-03-31,88.36
395095N1218644W001,2019-06-30,89.06
395095N1218644W001,2019-07-31,90.06
395095N1218644W001,2019-10-31,86.66
395095N1218644W001,2020-02-29,87.86
395095N1218644W001,2020-06-30,87.26
395095N1218644W001,2020-07-31,90.06
395095N1218644W001,2020-10-31,
395095N1218644W001,2021-02-28,88.16
395095N1218644W001,2021-06-30,87.56
395095N1218644W001,2021-07-31,88.26
395095N1218644W001,2021-09-30,87.28857142857143
395105N1218582W001,1976-02-29,87.96
395105N1218582W001,1976-09-30,88.16
395105N1218582W001,1977-02-28,87.06
395105N1218582W001,1977-10-31,87.26
395105N1218582W001,1978-03-31,89.36
395105N1218582W001,1978-10-31,87.96
395105N1218582W001,1979-02-28,89.46
395105N1218582W001,1979-10-31,86.96
395105N1218582W001,1980-03-31,89.36
395105N1218582W001,1980-10-31,87.16
395105N1218582W001,1981-02-28,88.66
395105N1218582W001,1981-09-30,88.26
395105N1218582W001,1982-02-28,90.16
395105N1218582W001,1982-09-30,88.46
395105N1218582W001,1983-03-31,90.76
395105N1218582W001,1983-09-30,88.86
395105N1218582W001,1984-02-29,88.56
395105N1218582W001,1984-09-30,88.86
395105N1218582W001,1985-02-28,81.36
395105N1218582W001,1985-09-30,88.36
395105N1218582W001,1986-02-28,90.46
395105N1218582W001,1986-09-30,88.36
395105N1218582W001,1987-03-31,90.36
395105N1218582W001,1987-10-31,87.26
395105N1218582W001,1988-02-29,88.36
395105N1218582W001,1988-10-31,87.76
395105N1218582W001,1989-02-28,90.06
395105N1218582W001,1989-09-30,88.86
395105N1218582W001,1990-02-28,90.06
395105N1218582W001,1990-09-30,87.86
395105N1218582W001,1991-02-28,90.16
395105N1218582W001,1991-06-30,81.66
395105N1218582W001,1991-07-31,80.16
395105N1218582W001,1991-08-31,
395105N1218582W001,1992-02-29,
395509N1218331W001,1992-07-31,
395509N1218331W001,1992-09-30,102.7
395509N1218331W001,1992-11-30,102.55
395509N1218331W001,1992-12-31,104.5
395509N1218331W001,1993-02-28,105.55
395509N1218331W001,1993-03-31,104.2
395509N1218331W001,1993-04-30,104.55
395509N1218331W001,1993-06-30,104.95
395509N1218331W001,1993-07-31,100.55
395509N1218331W001,1993-08-31,105.15
395509N1218331W001,1993-09-30,104.05000000000001
395509N1218331W001,1993-11-30,104.05
395509N1218331W001,1994-01-31,103.95
395509N1218331W001,1994-02-28,104.55000000000001
395509N1218331W001,1994-03-31,104.15
395509N1218331W001,1994-05-31,105.15
395509N1218331W001,1994-06-30,
395509N1218331W001,1994-07-31,98.95
395509N1218331W001,1994-08-31,65.11666666666667
395509N1218331W001,1994-10-31,102.25
395509N1218331W001,1994-11-30,103.95
395509N1218331W001,1995-02-28,104.25
395509N1218331W001,1995-04-30,
395509N1218331W001,1995-06-30,104.85
395509N1218331W001,1995-07-31,105.35
395509N1218331W001,1995-09-30,103.65
395509N1218331W001,1996-03-31,103.75
395509N1218331W001,1996-07-31,106.25
395509N1218331W001,1996-09-30,103.05
395509N1218331W001,1996-12-31,104.85
395509N1218331W001,1997-02-28,102.35
395509N1218331W001,1997-06-30,105.55
395509N1218331W001,1997-10-31,101.15
395511N1218295W001,1973-09-30,99.04285714285713
395511N1218295W001,1973-10-31,98.35
395511N1218295W001,1974-02-28,100.05
395511N1218295W001,1974-09-30,98.85
395511N1218295W001,1975-03-31,98.75
395511N1218295W001,1975-10-31,98.15
395511N1218295W001,1976-02-29,99.05
395511N1218295W001,1976-10-31,98.05
395511N1218295W001,1977-02-28,97.75
395511N1218295W001,1977-10-31,97.75
395511N1218295W001,1978-03-31,99.15
395511N1218295W001,1978-10-31,97.85
395511N1218295W001,1979-02-28,99.25
395511N1218295W001,1979-10-31,99.35
395511N1218295W001,1980-03-31,99.85
395511N1218295W001,1980-10-31,98.05
395511N1218295W001,1981-02-28,98.95
395511N1218295W001,1981-09-30,98.95
395511N1218295W001,1982-03-31,99.75
395511N1218295W001,1982-09-30,98.35
395511N1218295W001,1983-03-31,100.35
395511N1218295W001,1983-09-30,98.45
395511N1218295W001,1984-02-29,98.65
395511N1218295W001,1984-09-30,97.85
395511N1218295W001,1985-02-28,98.35
395511N1218295W001,1985-09-30,98.65
395511N1218295W001,1986-02-28,100.35
395511N1218295W001,1986-09-30,98.55
395511N1218295W001,1987-03-31,100.25
395511N1218295W001,1987-10-31,99.55
395511N1218295W001,1988-02-29,98.25
395511N1218295W001,1988-10-31,98.35
395511N1218295W001,1989-02-28,100.55
395511N1218295W001,1989-09-30,98.85
395511N1218295W001,1990-02-28,100.15
395511N1218295W001,1990-09-30,97.85
395511N1218295W001,1991-02-28,100.05
395511N1218295W001,1991-06-30,99.85
395511N1218295W001,1991-07-31,96.75
395511N1218295W001,1991-08-31,100.05
395511N1218295W001,1991-09-30,98.65
395511N1218295W001,1991-11-30,97.95
395511N1218295W001,1991-12-31,98.45
395511N1218295W001,1992-02-29,99.85
395511N1218295W001,1992-07-31,96.8
395511N1218295W001,1992-09-30,98.1
395511N1218295W001,1992-11-30,98.75
395511N1218295W001,1992-12-31,99.65
395511N1218295W001,1993-02-28,100.25
395511N1218295W001,1993-03-31,99.19999999999999
395511N1218295W001,1993-04-30,99.75
395511N1218295W001,1993-06-30,99.85
395511N1218295W001,1993-07-31,95.25
395511N1218295W001,1993-08-31,100.15
395511N1218295W001,1993-09-30,99.25
395511N1218295W001,1994-02-28,98.85
395511N1218295W001,1994-06-30,95.5
395511N1218295W001,1994-07-31,99.75
395511N1218295W001,1994-08-31,98.95
395511N1218295W001,1994-10-31,98.35
395511N1218295W001,1995-02-28,99.95
395511N1218295W001,1995-04-30,99.05
395511N1218295W001,1995-06-30,99.6
395511N1218295W001,1995-07-31,100.35
395511N1218295W001,1995-09-30,98.35
395511N1218295W001,1996-03-31,97.85
395511N1218295W001,1996-07-31,100.75
395511N1218295W001,1996-09-30,96.95
395511N1218295W001,1996-12-31,100.05
395511N1218295W001,1997-02-28,98.75
395511N1218295W001,1997-06-30,99.15
395511N1218295W001,1997-07-31,100.15
395511N1218295W001,1997-09-30,97.95
395511N1218295W001,1998-02-28,99.75
395511N1218295W001,1998-06-30,100.05
395511N1218295W001,1998-07-31,100.45
395511N1218295W001,1998-10-31,98.25
395511N1218295W001,1999-02-28,99.65
395511N1218295W001,1999-06-30,100.45
395511N1218295W001,1999-07-31,100.25
395511N1218295W001,1999-09-30,98.25
395511N1218295W001,2000-03-31,99.05
395511N1218295W001,2000-06-30,100.75
395511N1218295W001,2000-08-31,99.85
395511N1218295W001,2000-09-30,98.85
395511N1218295W001,2001-03-31,99.75
395511N1218295W001,2001-07-31,100.65
395511N1218295W001,2001-08-31,100.55
395511N1218295W001,2001-09-30,98.25
395511N1218295W001,2002-03-31,98.45
395511N1218295W001,2002-07-31,99.25
395511N1218295W001,2002-08-31,100.65
395511N1218295W001,2002-10-31,97.25
395511N1218295W001,2003-02-28,99.55
395511N1218295W001,2003-07-31,100.35
395511N1218295W001,2003-09-30,98.25
395511N1218295W001,2004-03-31,98.65
395511N1218295W001,2004-07-31,101.05
395511N1218295W001,2004-08-31,99.05
395511N1218295W001,2004-10-31,98.55
395511N1218295W001,2005-03-31,99.65
395511N1218295W001,2005-06-30,99.35
395511N1218295W001,2005-07-31,98.95
395511N1218295W001,2005-10-31,98.65
395511N1218295W001,2006-03-31,100.75
395511N1218295W001,2006-07-31,100.65
395511N1218295W001,2006-08-31,100.85
395511N1218295W001,2006-09-30,98.45
395511N1218295W001,2007-03-31,98.85
395511N1218295W001,2007-06-30,100.65
395511N1218295W001,2007-07-31,100.35
395511N1218295W001,2007-09-30,98.75
395511N1218295W001,2008-02-29,99.35
395511N1218295W001,2008-06-30,99.85
395511N1218295W001,2008-07-31,100.75
395511N1218295W001,2008-10-31,99.25
395511N1218295W001,2008-12-31,100.62
395511N1218295W001,2009-03-31,98.45
395511N1218295W001,2009-05-31,
395511N1218295W001,2009-06-30,
395511N1218295W001,2009-07-31,100.85
395511N1218295W001,2009-10-31,99.65
395511N1218295W001,2010-03-31,98.35
395511N1218295W001,2010-06-30,100.65
395511N1218295W001,2010-07-31,100.35
395511N1218295W001,2010-10-31,98.05
395511N1218295W001,2011-03-31,99.85
395511N1218295W001,2011-06-30,
395511N1218295W001,2011-07-31,100.75
395511N1218295W001,2011-09-30,98.95
395511N1218295W001,2012-03-31,
395511N1218295W001,2012-06-30,
395511N1218295W001,2012-07-31,
395511N1218295W001,2012-10-31,97.75
395511N1218295W001,2013-03-31,98.75
395511N1218295W001,2013-06-30,
395511N1218295W001,2013-07-31,
395511N1218295W001,2013-10-31,
395511N1218295W001,2014-03-31,
395511N1218295W001,2014-05-31,
395511N1218295W001,2014-06-30,
395511N1218295W001,2014-07-31,
395511N1218295W001,2014-08-31,
395511N1218295W001,2014-09-30,
395511N1218295W001,2015-03-31,97.65
395511N1218295W001,2015-04-30,98.25
395511N1218295W001,2015-05-31,
395511N1218295W001,2015-06-30,98.15
395511N1218295W001,2015-07-31,
395511N1218295W001,2015-08-31,98.75
395511N1218295W001,2015-09-30,
395511N1218295W001,2016-02-29,
395511N1218295W001,2016-03-31,98.35
395511N1218295W001,2016-04-30,100.05
395511N1218295W001,2016-05-31,100.35
395511N1218295W001,2016-06-30,100.05
395511N1218295W001,2016-07-31,
395511N1218295W001,2016-08-31,99.45
395511N1218295W001,2016-09-30,
395511N1218295W001,2017-03-31,
395511N1218295W001,2017-06-30,100.35
395511N1218295W001,2017-07-31,
395511N1218295W001,2017-09-30,
395511N1218295W001,2018-03-31,
395511N1218295W001,2018-06-30,98.95
395511N1218295W001,2018-07-31,99.85
395511N1218295W001,2018-10-31,97.35
395511N1218295W001,2019-03-31,99.85
395511N1218295W001,2019-06-30,100.35
395511N1218295W001,2019-07-31,100.85
395511N1218295W001,2019-10-31,98.25
395511N1218295W001,2020-02-29,98.35
395511N1218295W001,2020-06-30,100.45
395511N1218295W001,2020-07-31,100.95
395511N1218295W001,2020-09-30,98.35
395511N1218295W001,2021-02-28,99.35
395511N1218295W001,2021-06-30,95.85
395511N1218295W001,2021-07-31,96.05
395511N1218295W001,2021-09-30,99.23571428571428
395652N1218061W001,1992-07-31,77.14
395652N1218061W001,1992-09-30,76.39
395652N1218061W001,1992-11-30,
395652N1218061W001,1992-12-31,
395652N1218061W001,1993-02-28,
395652N1218061W001,1993-03-31,
395652N1218061W001,1993-11-30,
395652N1218061W001,1994-02-28,
395652N1218061W001,1994-03-31,
395652N1218061W001,1994-05-31,
395831N1218069W001,2015-04-30,110.3
395831N1218069W001,2015-05-31,112.59475
395831N1218069W001,2015-06-30,113.19213333333333
395831N1218069W001,2015-07-31,113.06459375
395831N1218069W001,2015-08-31,112.18354838709678
395831N1218069W001,2015-09-30,109.87286666666667
395831N1218069W001,2015-10-31,111.06183870967742
395831N1218069W001,2015-11-30,113.11110000000001
395831N1218069W001,2015-12-31,112.91787096774195
395831N1218069W001,2016-01-31,114.87526666666666
395831N1218069W001,2016-02-29,113.41853333333333
395831N1218069W001,2016-03-31,114.56312903225806
395831N1218069W001,2016-04-30,112.10583333333334
395831N1218069W001,2016-05-31,114.00780645161291
395831N1218069W001,2016-06-30,114.87226666666668
395831N1218069W001,2016-07-31,115.20377419354838
395831N1218069W001,2016-08-31,114.78234375
395831N1218069W001,2016-09-30,110.84123333333334
395831N1218069W001,2016-10-31,111.28590322580645
395831N1218069W001,2016-11-30,113.23219999999999
395831N1218069W001,2016-12-31,116.3114193548387
395831N1218069W001,2017-01-31,117.05513333333333
395831N1218069W001,2017-02-28,116.75993103448276
395831N1218069W001,2017-03-31,115.0878064516129
395831N1218069W001,2017-04-30,114.55186666666667
395831N1218069W001,2017-05-31,115.00877419354839
395831N1218069W001,2017-06-30,115.63380000000001
395831N1218069W001,2017-07-31,115.71696774193549
395831N1218069W001,2017-08-31,114.82358064516129
395831N1218069W001,2017-09-30,111.61236666666667
395831N1218069W001,2017-10-31,111.73416129032258
395831N1218069W001,2017-11-30,115.21773333333334
395831N1218069W001,2017-12-31,115.926
395831N1218069W001,2018-01-31,115.54413333333333
395831N1218069W001,2018-02-28,112.46568965517241
395831N1218069W001,2018-03-31,113.95096774193549
395831N1218069W001,2018-04-30,112.7453
395831N1218069W001,2018-05-31,112.0948064516129
395831N1218069W001,2018-06-30,111.95733333333332
395831N1218069W001,2018-07-31,111.5109375
395831N1218069W001,2018-08-31,111.51477419354839
395831N1218069W001,2018-09-30,110.76093333333333
395831N1218069W001,2018-10-31,113.55675
395831N1218069W001,2018-11-30,114.73053333333334
395831N1218069W001,2018-12-31,116.10922580645162
395831N1218069W001,2019-01-31,116.42006666666666
395831N1218069W001,2019-02-28,117.82862068965518
395831N1218069W001,2019-03-31,115.5591935483871
395831N1218069W001,2019-04-30,113.87073333333333
395831N1218069W001,2019-05-31,115.2372258064516
395831N1218069W001,2019-06-30,115.5025
395831N1218069W001,2019-07-31,115.76248387096774
395831N1218069W001,2019-08-31,115.58435483870969
395831N1218069W001,2019-09-30,111.8922
395831N1218069W001,2019-10-31,112.50696774193548
395831N1218069W001,2019-11-30,115.3082
395831N1218069W001,2019-12-31,115.8195806451613
395831N1218069W001,2020-01-31,115.39173333333333
395831N1218069W001,2020-02-29,112.61042307692308
395831N1218069W001,2020-07-31,
395831N1218069W001,2020-09-30,
395831N1218069W001,2021-03-31,110.6
395831N1218069W001,2021-07-31,
395900N1217780W001,1990-10-31,101.69666666666666
395900N1217780W001,1990-11-30,79.07000000000001
395900N1217780W001,1990-12-31,92.42999999999999
395900N1217780W001,1991-01-31,116.22999999999999
395900N1217780W001,1991-02-28,118.055
395900N1217780W001,1991-03-31,121.805
395900N1217780W001,1991-04-30,113.43
395900N1217780W001,1991-05-31,114.38
395900N1217780W001,1991-06-30,93.78
395900N1217780W001,1991-07-31,85.63
395900N1217780W001,1991-08-31,106.93
395900N1217780W001,1991-09-30,116.78
395900N1217780W001,1991-10-31,113.08
395900N1217780W001,1991-11-30,100.38
395900N1217780W001,1991-12-31,116.33
395900N1217780W001,1992-01-31,116.33
395900N1217780W001,1992-03-31,122.23
395900N1217780W001,1992-04-30,109.22999999999999
395900N1217780W001,1992-05-31,71.73
395900N1217780W001,1992-06-30,70.23
395900N1217780W001,1992-07-31,70.33
395900N1217780W001,1992-08-31,90.48
395900N1217780W001,1992-09-30,115.13
395900N1217780W001,1992-11-30,115.03
395900N1217780W001,1992-12-31,116.48
395900N1217780W001,1993-02-28,
395900N1217780W001,1993-03-31,122.98
395900N1217780W001,1993-04-30,120.73
395900N1217780W001,1993-06-30,121.13
395900N1217780W001,1993-08-31,120.93
395900N1217780W001,1993-09-30,118.23
395900N1217780W001,1993-11-30,120.53
395900N1217780W001,1994-01-31,119.83
395900N1217780W001,1994-02-28,123.18
395900N1217780W001,1994-03-31,120.93
395900N1217780W001,1994-05-31,117.03
395900N1217780W001,1994-06-30,66.33
395900N1217780W001,1994-07-31,64.63
395900N1217780W001,1994-08-31,96.53000000000002
395900N1217780W001,1994-10-31,115.33
395900N1217780W001,1994-11-30,114.73
395900N1217780W001,1995-02-28,123.23
395900N1217780W001,1995-04-30,
395900N1217780W001,1995-06-30,123.33
395900N1217780W001,1995-07-31,119.33
395900N1217780W001,1995-09-30,119.73
395900N1217780W001,1996-03-31,125.13
395900N1217780W001,1996-07-31,118.13
395900N1217780W001,1996-09-30,120.33
395900N1217780W001,1996-12-31,123.73
395900N1217780W001,1997-02-28,122.13
395900N1217780W001,1997-06-30,110.53
395900N1217780W001,1997-10-31,83.23
395932N1217796W001,1990-10-31,117.905
395932N1217796W001,1990-11-30,110.83
395932N1217796W001,1990-12-31,110.655
395932N1217796W001,1991-01-31,117.19000000000001
395932N1217796W001,1991-02-28,119.45500000000001
395932N1217796W001,1991-03-31,124.83
395932N1217796W001,1991-04-30,120.83
395932N1217796W001,1991-05-31,122.83
395932N1217796W001,1991-06-30,120.88
395932N1217796W001,1991-07-31,118.26333333333332
395932N1217796W001,1991-08-31,122.18
395932N1217796W001,1991-09-30,122.18
395932N1217796W001,1991-10-31,118.83000000000001
395932N1217796W001,1991-11-30,116.08
395932N1217796W001,1991-12-31,118.93
395932N1217796W001,1992-01-31,119.73
395932N1217796W001,1992-03-31,125.83
395932N1217796W001,1992-04-30,119.73
395932N1217796W001,1992-05-31,116.03
395932N1217796W001,1992-06-30,114.93
395932N1217796W001,1992-07-31,118.83
395932N1217796W001,1992-08-31,115.13
395937N1217814W001,1990-10-31,99.24
395937N1217814W001,1990-11-30,75.94
395937N1217814W001,1990-12-31,90.08
395937N1217814W001,1991-01-31,115.64000000000001
395937N1217814W001,1991-02-28,117.49000000000001
395937N1217814W001,1991-03-31,121.79
395937N1217814W001,1991-04-30,100.14
395937N1217814W001,1991-05-31,118.59
395937N1217814W001,1991-06-30,96.03999999999999
395937N1217814W001,1991-07-31,94.04
395937N1217814W001,1991-08-31,112.84
395937N1217814W001,1991-09-30,117.28999999999999
395937N1217814W001,1991-10-31,115.14
395937N1217814W001,1991-11-30,96.49000000000001
395937N1217814W001,1991-12-31,116.54
395937N1217814W001,1992-01-31,116.99000000000001
395937N1217814W001,1992-03-31,122.54
395937N1217814W001,1992-04-30,97.59
395937N1217814W001,1992-05-31,71.74
395937N1217814W001,1992-06-30,70.54
395937N1217814W001,1992-07-31,77.24
395937N1217814W001,1992-08-31,67.94
396000N1217818W001,1990-10-31,80.79666666666667
396000N1217818W001,1990-11-30,74.37
396000N1217818W001,1990-12-31,89.59
396000N1217818W001,1991-01-31,117.22999999999999
396000N1217818W001,1991-02-28,118.655
396000N1217818W001,1991-03-31,123.655
396000N1217818W001,1991-04-30,120.38
396000N1217818W001,1991-05-31,122.03
396000N1217818W001,1991-06-30,97.43
396000N1217818W001,1991-07-31,109.89666666666666
396000N1217818W001,1991-08-31,116.18
396000N1217818W001,1991-09-30,118.88
396000N1217818W001,1991-10-31,117.28
396000N1217818W001,1991-11-30,116.08000000000001
396000N1217818W001,1991-12-31,118.03
396000N1217818W001,1992-01-31,118.72999999999999
396000N1217818W001,1992-03-31,124.23
396000N1217818W001,1992-04-30,93.88
396000N1217818W001,1992-05-31,64.23
396000N1217818W001,1992-06-30,58.83
396000N1217818W001,1992-07-31,60.03
396000N1217818W001,1992-08-31,116.43
396000N1217818W001,1992-09-30,116.83
396000N1217818W001,1992-11-30,116.63
396000N1217818W001,1992-12-31,118.43
396000N1217818W001,1993-02-28,126.03
396000N1217818W001,1993-03-31,125.18
396000N1217818W001,1993-04-30,123.63
396000N1217818W001,1993-06-30,121.78
396000N1217818W001,1993-08-31,122.58
396000N1217818W001,1993-09-30,121.73
396000N1217818W001,1993-11-30,121.98
396000N1217818W001,1994-01-31,122.73
396000N1217818W001,1994-02-28,125.78
396000N1217818W001,1994-03-31,122.23
396000N1217818W001,1994-05-31,122.53
396000N1217818W001,1994-06-30,57.23
396000N1217818W001,1994-07-31,63.93
396000N1217818W001,1994-08-31,99.92999999999999
396000N1217818W001,1994-10-31,117.73
396000N1217818W001,1994-11-30,118.13
396000N1217818W001,1995-02-28,125.63
396000N1217818W001,1995-04-30,
396000N1217818W001,1995-06-30,125.73
396000N1217818W001,1995-07-31,123.43
396000N1217818W001,1995-09-30,125.33
396000N1217818W001,1996-03-31,126.73
396000N1217818W001,1996-07-31,122.93
396000N1217818W001,1996-09-30,122.33
396000N1217818W001,1996-12-31,126.43
396000N1217818W001,1997-02-28,
396000N1217818W001,1997-06-30,117.83
396000N1217818W001,1997-10-31,119.73
396040N1217832W001,1990-10-31,116.355
396040N1217832W001,1990-11-30,112.45
396040N1217832W001,1990-12-31,113.38
396040N1217832W001,1991-01-31,117.33
396040N1217832W001,1991-02-28,118.755
396040N1217832W001,1991-03-31,122.855
396040N1217832W001,1991-04-30,120.03
396040N1217832W001,1991-05-31,121.43
396040N1217832W001,1991-06-30,113.63
396040N1217832W001,1991-07-31,106.39666666666666
396040N1217832W001,1991-08-31,111.83000000000001
396040N1217832W001,1991-09-30,117.68
396040N1217832W001,1991-10-31,116.83
396040N1217832W001,1991-11-30,117.03
396040N1217832W001,1991-12-31,117.83
396040N1217832W001,1992-01-31,118.33000000000001
396040N1217832W001,1992-03-31,123.43
396040N1217832W001,1992-04-30,116.03
396040N1217832W001,1992-05-31,106.43
396040N1217832W001,1992-06-30,103.43
396040N1217832W001,1992-07-31,100.53
396040N1217832W001,1992-08-31,96.83
396064N1217695W001,2008-02-29,123.33
396064N1217695W001,2008-10-31,116.43
396064N1217695W001,2008-12-31,117.63
396064N1217695W001,2009-03-31,121.53
396064N1217695W001,2009-04-30,120.33
396064N1217695W001,2009-06-30,111.03
396064N1217695W001,2009-07-31,122.53
396064N1217695W001,2009-08-31,124.73
396064N1217695W001,2009-10-31,116.53
396064N1217695W001,2010-03-31,122.63
396064N1217695W001,2010-06-30,105.13
396064N1217695W001,2010-07-31,111.73
396064N1217695W001,2010-10-31,117.73
396064N1217695W001,2011-03-31,122.83
396064N1217695W001,2011-06-30,118.08
396064N1217695W001,2011-07-31,121.33
396064N1217695W001,2011-09-30,117.93
396064N1217695W001,2012-03-31,120.73
396064N1217695W001,2012-06-30,110.13
396064N1217695W001,2012-07-31,112.33
396064N1217695W001,2012-10-31,100.43
396064N1217695W001,2013-03-31,116.53
396064N1217695W001,2013-06-30,
396064N1217695W001,2013-07-31,109.33
396064N1217695W001,2013-10-31,
396064N1217695W001,2014-03-31,116.13
396064N1217695W001,2014-04-30,
396064N1217695W001,2014-05-31,114.53
396064N1217695W001,2014-06-30,104.13
396064N1217695W001,2014-07-31,108.33
396064N1217695W001,2014-08-31,103.93
396064N1217695W001,2014-09-30,109.93
396064N1217695W001,2015-03-31,113.98
396064N1217695W001,2015-04-30,102.23
396064N1217695W001,2015-05-31,102.33
396064N1217695W001,2015-06-30,100.63
396064N1217695W001,2015-07-31,100.83
396064N1217695W001,2015-08-31,107.63
396064N1217695W001,2015-09-30,
396064N1217695W001,2016-03-31,116.83
396064N1217695W001,2016-04-30,105.23
396064N1217695W001,2016-05-31,113.13
396064N1217695W001,2016-06-30,104.33
396064N1217695W001,2016-07-31,109.63
396064N1217695W001,2016-08-31,112.73
396064N1217695W001,2016-09-30,
396064N1217695W001,2017-02-28,121.13
396064N1217695W001,2017-06-30,110.63
396064N1217695W001,2017-07-31,106.63
396064N1217695W001,2017-09-30,110.03
396064N1217695W001,2018-03-31,116.23
396064N1217695W001,2018-06-30,98.73
396064N1217695W001,2018-07-31,105.13
396064N1217695W001,2018-10-31,110.73
396064N1217695W001,2018-11-30,109.83
396064N1217695W001,2019-03-31,122.33
396064N1217695W001,2019-06-30,116.13
396064N1217695W001,2019-07-31,114.63
396064N1217695W001,2019-10-31,113.93
396064N1217695W001,2020-02-29,114.63
396064N1217695W001,2020-06-30,
396064N1217695W001,2020-07-31,
396064N1217695W001,2020-09-30,
396064N1217695W001,2021-03-31,112.73
396064N1217695W001,2021-06-30,
396064N1217695W001,2021-07-31,
396064N1217695W001,2021-09-30,109.00999999999999
396069N1217736W002,2018-07-31,89.5
396069N1217736W002,2018-10-31,103.9
396069N1217736W002,2019-03-31,117.2
396069N1217736W002,2019-06-30,
396069N1217736W002,2019-07-31,
396069N1217736W002,2019-10-31,108.1
396069N1217736W002,2020-02-29,109.3
396069N1217736W002,2020-06-30,
396069N1217736W002,2020-07-31,
396069N1217736W002,2020-10-31,104.4
396069N1217736W002,2021-03-31,109.8
396069N1217736W002,2021-06-30,
396069N1217736W002,2021-07-31,86.3
396069N1217736W002,2021-09-30,102.8875
396078N1217848W001,1990-10-31,118.5425
396078N1217848W001,1990-11-30,116.19000000000001
396078N1217848W001,1990-12-31,115.97
396078N1217848W001,1991-01-31,117.95
396078N1217848W001,1991-02-28,119.23
396078N1217848W001,1991-03-31,123.23
396078N1217848W001,1991-04-30,121.22999999999999
396078N1217848W001,1991-05-31,121.93
396078N1217848W001,1991-06-30,104.38
396078N1217848W001,1991-07-31,110.96333333333332
396078N1217848W001,1991-08-31,114.13
396078N1217848W001,1991-09-30,104.58
396078N1217848W001,1991-10-31,117.97999999999999
396078N1217848W001,1991-11-30,116.03
396078N1217848W001,1991-12-31,118.63
396078N1217848W001,1992-01-31,119.28
396078N1217848W001,1992-03-31,123.93
396078N1217848W001,1992-04-30,119.33000000000001
396078N1217848W001,1992-05-31,112.93
396078N1217848W001,1992-06-30,112.53
396078N1217848W001,1992-07-31,108.23
396078N1217848W001,1992-08-31,110.38
396078N1217848W001,1992-09-30,115.73
396078N1217848W001,1992-11-30,116.13
396078N1217848W001,1992-12-31,118.03
396078N1217848W001,1993-02-28,125.73
396078N1217848W001,1993-03-31,126.08
396078N1217848W001,1993-04-30,123.53
396078N1217848W001,1993-06-30,120.33000000000001
396078N1217848W001,1993-08-31,121.22999999999999
396078N1217848W001,1993-09-30,121.73
396078N1217848W001,1993-11-30,122.38
396078N1217848W001,1994-01-31,121.13
396078N1217848W001,1994-02-28,125.38
396078N1217848W001,1994-03-31,122.13
396078N1217848W001,1994-05-31,120.93
396078N1217848W001,1994-06-30,113.38
396078N1217848W001,1994-07-31,109.03
396078N1217848W001,1994-08-31,111.76333333333334
396078N1217848W001,1994-10-31,117.13
396078N1217848W001,1994-11-30,117.23
396078N1217848W001,1995-02-28,127.43
396078N1217848W001,1995-04-30,
396078N1217848W001,1995-06-30,125.93
396078N1217848W001,1995-07-31,121.89666666666666
396078N1217848W001,1995-09-30,121.63
396078N1217848W001,1996-03-31,128.73
396078N1217848W001,1996-07-31,120.83
396078N1217848W001,1996-09-30,122.23
396078N1217848W001,1996-12-31,127.63
396078N1217848W001,1997-02-28,128.13
396078N1217848W001,1997-06-30,117.13
396078N1217848W001,1997-10-31,120.03
396109N1217946W001,1990-10-31,110.9025
396109N1217946W001,1990-11-30,110.6
396109N1217946W001,1990-12-31,110.75999999999999
396109N1217946W001,1991-01-31,111.25999999999999
396109N1217946W001,1991-02-28,110.89
396109N1217946W001,1991-03-31,115.74
396109N1217946W001,1991-04-30,116.04
396109N1217946W001,1991-05-31,109.87333333333333
396109N1217946W001,1991-06-30,108.04
396109N1217946W001,1991-07-31,100.60666666666667
396109N1217946W001,1991-08-31,101.69
396109N1217946W001,1991-09-30,106.94
396109N1217946W001,1991-10-31,108.39
396109N1217946W001,1991-11-30,109.78999999999999
396109N1217946W001,1991-12-31,110.84
396109N1217946W001,1992-01-31,112.14
396109N1217946W001,1992-03-31,116.54
396109N1217946W001,1992-04-30,113.69
396109N1217946W001,1992-05-31,105.04
396109N1217946W001,1992-06-30,102.24
396109N1217946W001,1992-07-31,94.54
396109N1217946W001,1992-08-31,98.99000000000001
396109N1217946W001,1992-09-30,103.04
396109N1217946W001,1992-11-30,107.64
396109N1217946W001,1992-12-31,110.09
396109N1217946W001,1993-02-28,116.94
396109N1217946W001,1993-03-31,122.64
396109N1217946W001,1993-04-30,119.24
396109N1217946W001,1993-06-30,112.74000000000001
396109N1217946W001,1993-08-31,111.28999999999999
396109N1217946W001,1993-09-30,108.04
396109N1217946W001,1993-11-30,115.59
396109N1217946W001,1994-01-31,114.24
396109N1217946W001,1994-02-28,119.14
396109N1217946W001,1994-03-31,115.84
396109N1217946W001,1994-05-31,110.74
396109N1217946W001,1994-06-30,106.24000000000001
396109N1217946W001,1994-07-31,98.24
396109N1217946W001,1994-08-31,101.50666666666666
396109N1217946W001,1994-10-31,105.74
396109N1217946W001,1994-11-30,108.94
396109N1217946W001,1995-02-28,123.44
396109N1217946W001,1995-04-30,
396109N1217946W001,1995-06-30,114.34
396109N1217946W001,1995-07-31,97.57333333333334
396109N1217946W001,1995-09-30,109.34
396109N1217946W001,1996-03-31,125.34
396109N1217946W001,1996-07-31,112.34
396109N1217946W001,1996-09-30,114.44
396109N1217946W001,1996-12-31,121.84
396109N1217946W001,1997-02-28,120.44
396109N1217946W001,1997-06-30,107.34
396109N1217946W001,1997-10-31,113.54
396109N1217946W001,2009-05-31,104.94
396127N1217883W001,1973-09-30,125.19829268292683
396127N1217883W001,1973-10-31,120.73
396127N1217883W001,1974-02-28,131.93
396127N1217883W001,1974-09-30,122.03
396127N1217883W001,1975-03-31,130.03
396127N1217883W001,1975-10-31,122.33
396127N1217883W001,1976-02-29,122.63
396127N1217883W001,1976-09-30,114.33
396127N1217883W001,1977-02-28,117.23
396127N1217883W001,1977-10-31,106.23
396127N1217883W001,1978-02-28,124.13
396127N1217883W001,1978-10-31,115.03
396127N1217883W001,1979-02-28,124.73
396127N1217883W001,1979-10-31,117.93
396127N1217883W001,1980-03-31,127.13
396127N1217883W001,1980-10-31,119.33
396127N1217883W001,1981-02-28,123.33
396127N1217883W001,1981-09-30,116.93
396127N1217883W001,1982-03-31,126.93
396127N1217883W001,1982-09-30,122.83
396127N1217883W001,1983-03-31,134.33
396127N1217883W001,1983-09-30,126.03
396127N1217883W001,1984-02-29,131.93
396127N1217883W001,1984-09-30,122.53
396127N1217883W001,1985-02-28,126.23
396127N1217883W001,1985-09-30,118.03
396127N1217883W001,1986-02-28,130.83
396127N1217883W001,1986-09-30,120.93
396127N1217883W001,1987-03-31,125.93
396127N1217883W001,1987-10-31,118.13
396127N1217883W001,1988-02-29,120.93
396127N1217883W001,1988-09-30,116.83
396127N1217883W001,1989-02-28,121.63
396127N1217883W001,1989-09-30,116.43
396127N1217883W001,1990-02-28,119.28
396127N1217883W001,1990-09-30,113.13
396127N1217883W001,1991-02-28,116.63
396127N1217883W001,1991-06-30,108.18
396127N1217883W001,1991-07-31,101.73
396127N1217883W001,1991-08-31,109.03
396127N1217883W001,1991-09-30,112.23
396127N1217883W001,1991-11-30,114.23
396127N1217883W001,1991-12-31,115.23
396127N1217883W001,1992-02-29,119.43
396127N1217883W001,1992-07-31,99.73
396127N1217883W001,1992-09-30,107.88
396127N1217883W001,1992-11-30,112.63
396127N1217883W001,1992-12-31,114.97999999999999
396127N1217883W001,1993-02-28,121.73
396127N1217883W001,1993-03-31,124.48
396127N1217883W001,1993-04-30,121.33
396127N1217883W001,1993-06-30,116.83000000000001
396127N1217883W001,1993-08-31,116.22999999999999
396127N1217883W001,1993-09-30,115.83
396127N1217883W001,1994-02-28,122.93
396127N1217883W001,1994-06-30,106.22999999999999
396127N1217883W001,1994-07-31,101.23
396127N1217883W001,1994-08-31,104.88
396127N1217883W001,1994-10-31,109.93
396127N1217883W001,1995-02-28,126.83
396127N1217883W001,1995-04-30,131.13
396127N1217883W001,1995-06-30,111.33
396127N1217883W001,1995-07-31,118.53
396127N1217883W001,1995-09-30,122.53
396127N1217883W001,1996-03-31,129.43
396127N1217883W001,1996-07-31,117.93
396127N1217883W001,1996-09-30,119.23
396127N1217883W001,1996-12-31,125.43
396127N1217883W001,1997-02-28,128.43
396127N1217883W001,1997-06-30,110.43
396127N1217883W001,1997-07-31,111.23
396127N1217883W001,1997-09-30,117.43
396127N1217883W001,1998-02-28,132.83
396127N1217883W001,1998-06-30,125.23
396127N1217883W001,1998-08-31,116.63
396127N1217883W001,1998-09-30,121.13
396127N1217883W001,1999-02-28,129.73
396127N1217883W001,1999-09-30,117.43
396127N1217883W001,2000-03-31,129.73
396127N1217883W001,2000-06-30,111.33
396127N1217883W001,2000-08-31,112.23
396127N1217883W001,2000-09-30,116.13
396127N1217883W001,2001-03-31,125.53
396127N1217883W001,2001-07-31,104.73
396127N1217883W001,2001-08-31,107.63
396127N1217883W001,2001-09-30,100.93
396127N1217883W001,2002-03-31,123.83
396127N1217883W001,2002-07-31,105.53
396127N1217883W001,2002-08-31,107.53
396127N1217883W001,2002-10-31,109.53
396127N1217883W001,2003-02-28,123.23
396127N1217883W001,2003-07-31,111.33
396127N1217883W001,2003-10-31,116.13
396127N1217883W001,2004-03-31,125.93
396127N1217883W001,2004-07-31,
396127N1217883W001,2004-08-31,110.53
396127N1217883W001,2004-10-31,110.13
396127N1217883W001,2005-03-31,122.93
396127N1217883W001,2005-06-30,118.23
396127N1217883W001,2005-07-31,108.83
396127N1217883W001,2005-10-31,114.23
396127N1217883W001,2006-03-31,129.23
396127N1217883W001,2006-07-31,113.83
396127N1217883W001,2006-08-31,114.23
396127N1217883W001,2006-09-30,118.03
396127N1217883W001,2007-03-31,119.83
396127N1217883W001,2007-06-30,106.73
396127N1217883W001,2007-07-31,106.23
396127N1217883W001,2007-10-31,111.98
396127N1217883W001,2008-02-29,119.78
396127N1217883W001,2008-06-30,105.93
396127N1217883W001,2008-07-31,103.93
396127N1217883W001,2008-10-31,109.53
396127N1217883W001,2008-12-31,112.03
396127N1217883W001,2009-03-31,117.13
396127N1217883W001,2009-04-30,115.13
396127N1217883W001,2009-06-30,106.53
396127N1217883W001,2009-07-31,105.13
396127N1217883W001,2009-08-31,108.53
396127N1217883W001,2009-10-31,108.33
396127N1217883W001,2010-03-31,117.83
396127N1217883W001,2010-06-30,101.83
396127N1217883W001,2010-07-31,101.13
396127N1217883W001,2010-10-31,108.13
396127N1217883W001,2011-03-31,120.13
396127N1217883W001,2011-06-30,111.83
396127N1217883W001,2011-07-31,113.53
396127N1217883W001,2011-09-30,113.93
396127N1217883W001,2012-03-31,117.33
396127N1217883W001,2012-06-30,101.43
396127N1217883W001,2012-07-31,101.43
396127N1217883W001,2012-10-31,106.83
396127N1217883W001,2013-03-31,114.63
396127N1217883W001,2013-06-30,99.23
396127N1217883W001,2013-07-31,99.13
396127N1217883W001,2013-10-31,103.93
396127N1217883W001,2014-03-31,109.53
396127N1217883W001,2014-04-30,102.43
396127N1217883W001,2014-05-31,101.03
396127N1217883W001,2014-06-30,97.23
396127N1217883W001,2014-07-31,99.83
396127N1217883W001,2014-08-31,103.03
396127N1217883W001,2014-09-30,102.13
396127N1217883W001,2015-03-31,109.68
396127N1217883W001,2015-04-30,102.53
396127N1217883W001,2015-05-31,99.33
396127N1217883W001,2015-06-30,94.23
396127N1217883W001,2015-07-31,90.83
396127N1217883W001,2015-08-31,97.73
396127N1217883W001,2015-09-30,95.93
396127N1217883W001,2016-02-29,109.63
396127N1217883W001,2016-03-31,110.63
396127N1217883W001,2016-04-30,109.23
396127N1217883W001,2016-05-31,101.53
396127N1217883W001,2016-06-30,95.73
396127N1217883W001,2016-07-31,97.53
396127N1217883W001,2016-08-31,101.53
396127N1217883W001,2016-09-30,100.43
396127N1217883W001,2017-02-28,117.13
396127N1217883W001,2017-06-30,107.93
396127N1217883W001,2017-07-31,102.53
396127N1217883W001,2017-09-30,108.03
396127N1217883W001,2018-03-31,112.53
396127N1217883W001,2018-06-30,92.53
396127N1217883W001,2018-07-31,95.53
396127N1217883W001,2018-10-31,104.73
396127N1217883W001,2018-11-30,102.63
396127N1217883W001,2019-03-31,118.63
396127N1217883W001,2019-06-30,112.63
396127N1217883W001,2019-07-31,106.83
396127N1217883W001,2019-10-31,110.33
396127N1217883W001,2020-02-29,113.03
396127N1217883W001,2020-06-30,102.33
396127N1217883W001,2020-07-31,101.33
396127N1217883W001,2020-09-30,105.03
396127N1217883W001,2021-03-31,108.23
396127N1217883W001,2021-06-30,
396127N1217883W001,2021-07-31,85.33
396127N1217883W001,2021-09-30,104.53800000000001
396339N1217845W001,2009-03-31,121.43
396339N1217845W001,2009-04-30,123.43
396339N1217845W001,2009-06-30,116.03
396339N1217845W001,2009-07-31,111.23
396339N1217845W001,2009-08-31,113.33
396339N1217845W001,2009-10-31,117.38
396339N1217845W001,2010-03-31,118.63
396339N1217845W001,2010-06-30,115.03
396339N1217845W001,2010-07-31,111.33
396339N1217845W001,2010-10-31,116.93
396339N1217845W001,2011-03-31,126.43
396339N1217845W001,2011-06-30,122.63
396339N1217845W001,2011-07-31,120.63
396339N1217845W001,2011-09-30,122.33
396339N1217845W001,2012-03-31,123.53000000000002
396339N1217845W001,2012-06-30,
396339N1217845W001,2012-07-31,
396339N1217845W001,2012-10-31,113.83
396339N1217845W001,2013-03-31,120.98
396339N1217845W001,2013-06-30,121.83
396339N1217845W001,2013-07-31,121.03
396339N1217845W001,2013-10-31,109.83
396339N1217845W001,2014-03-31,111.33
396339N1217845W001,2014-04-30,111.03
396339N1217845W001,2014-05-31,104.53
396339N1217845W001,2014-06-30,94.03
396339N1217845W001,2014-07-31,103.63
396339N1217845W001,2014-08-31,95.63
396339N1217845W001,2014-10-31,106.33
396339N1217845W001,2015-03-31,113.23
396339N1217845W001,2015-04-30,110.73
396339N1217845W001,2015-05-31,107.63
396339N1217845W001,2015-06-30,100.83
396339N1217845W001,2015-07-31,
396339N1217845W001,2015-09-30,
396339N1217845W001,2016-02-29,
396339N1217845W001,2016-03-31,116.98
396339N1217845W001,2016-04-30,114.33
396339N1217845W001,2016-05-31,106.73
396339N1217845W001,2016-06-30,105.03
396339N1217845W001,2016-07-31,103.23
396339N1217845W001,2016-08-31,107.33
396339N1217845W001,2016-10-31,109.13
396339N1217845W001,2017-02-28,124.63
396339N1217845W001,2017-06-30,100.93
396339N1217845W001,2017-07-31,109.93
396339N1217845W001,2017-09-30,115.13
396339N1217845W001,2018-03-31,118.23
396339N1217845W001,2018-06-30,101.63
396339N1217845W001,2018-07-31,106.33
396339N1217845W001,2018-10-31,110.73
396339N1217845W001,2018-11-30,107.63
396339N1217845W001,2019-03-31,124.03
396339N1217845W001,2019-06-30,113.63
396339N1217845W001,2019-07-31,119.03
396339N1217845W001,2019-10-31,118.33
396339N1217845W001,2020-02-29,120.33
396339N1217845W001,2020-06-30,
396339N1217845W001,2020-07-31,107.43
396339N1217845W001,2020-09-30,111.43
396339N1217845W001,2021-03-31,115.63
396339N1217845W001,2021-06-30,96.13
396339N1217845W001,2021-07-31,99.23
396339N1217845W001,2021-09-30,107.10999999999999
396422N1217994W001,1995-02-28,137.03
396422N1217994W001,1995-03-31,141.63
396422N1217994W001,1995-05-31,140.98
396422N1217994W001,1995-06-30,126.53
396422N1217994W001,1995-07-31,122.22999999999999
396422N1217994W001,1995-09-30,126.88
396422N1217994W001,1996-03-31,136.28
396422N1217994W001,1996-07-31,114.88
396422N1217994W001,1996-09-30,122.28
396422N1217994W001,1996-12-31,129.58
396422N1217994W001,1997-02-28,133.18
396422N1217994W001,1997-07-31,110.58
396422N1217994W001,1997-09-30,118.88
396422N1217994W001,1998-02-28,143.78
396422N1217994W001,1998-12-31,133.58
396422N1217994W001,1999-01-31,134.08
396422N1217994W001,1999-02-28,136.98
396422N1217994W001,1999-03-31,137.38
396422N1217994W001,1999-04-30,130.88
396422N1217994W001,1999-05-31,120.28
396422N1217994W001,1999-06-30,112.08
396422N1217994W001,1999-07-31,106.08
396422N1217994W001,1999-08-31,119.58
396422N1217994W001,1999-09-30,120.58
396422N1217994W001,1999-10-31,120.93
396422N1217994W001,2000-03-31,134.38
396422N1217994W001,2000-07-31,115.68
396422N1217994W001,2000-12-31,124.48
396422N1217994W001,2001-01-31,126.18
396422N1217994W001,2001-02-28,129.98
396422N1217994W001,2001-03-31,129.98
396422N1217994W001,2001-04-30,126.98
396422N1217994W001,2001-05-31,122.28
396422N1217994W001,2001-06-30,112.78
396422N1217994W001,2001-07-31,108.18
396422N1217994W001,2001-08-31,109.28
396422N1217994W001,2001-09-30,111.58
396422N1217994W001,2001-12-31,120.78
396422N1217994W001,2002-01-31,127.65
396422N1217994W001,2002-03-31,127.76
396422N1217994W001,2002-04-30,125.37
396422N1217994W001,2002-05-31,118.54
396422N1217994W001,2002-06-30,108.66
396422N1217994W001,2002-07-31,101.58
396422N1217994W001,2002-08-31,106.88
396422N1217994W001,2002-09-30,110.48
396422N1217994W001,2002-10-31,111.28
396422N1217994W001,2002-11-30,115.35
396422N1217994W001,2003-02-28,128.98
396422N1217994W001,2003-03-31,128.98
396422N1217994W001,2003-04-30,130.98
396422N1217994W001,2003-05-31,124.54
396422N1217994W001,2003-06-30,117.61
396422N1217994W001,2003-07-31,109.45
396422N1217994W001,2003-08-31,112.08
396422N1217994W001,2003-10-31,116.58
396422N1217994W001,2003-11-30,118.37
396422N1217994W001,2003-12-31,119.79
396422N1217994W001,2004-02-29,132.05
396422N1217994W001,2004-05-31,118.5
396422N1217994W001,2004-07-31,105.48
396422N1217994W001,2004-08-31,108.48
396422N1217994W001,2004-10-31,114.88
396422N1217994W001,2004-12-31,120.98
396422N1217994W001,2005-02-28,126.36
396422N1217994W001,2005-04-30,126.58
396422N1217994W001,2005-06-30,116.88
396422N1217994W001,2005-08-31,109.98
396422N1217994W001,2005-10-31,115.38
396422N1217994W001,2006-03-31,134.98
396422N1217994W001,2006-07-31,111.98
396422N1217994W001,2006-08-31,115.08
396422N1217994W001,2006-10-31,119.18
396422N1217994W001,2007-03-31,121.28
396422N1217994W001,2007-05-31,110.1952857142857
396422N1217994W001,2007-06-30,105.4954
396422N1217994W001,2007-07-31,100.85465625
396422N1217994W001,2007-08-31,104.09929032258064
396422N1217994W001,2007-09-30,108.71576666666667
396422N1217994W001,2007-10-31,111.2474
396422N1217994W001,2008-01-31,118.92160714285714
396422N1217994W001,2008-02-29,120.95200000000001
396422N1217994W001,2008-03-31,119.15741935483871
396422N1217994W001,2008-04-30,113.57576666666667
396422N1217994W001,2008-05-31,107.94474193548386
396422N1217994W001,2008-06-30,101.76977419354839
396422N1217994W001,2008-07-31,98.2065625
396422N1217994W001,2008-08-31,101.18087096774194
396422N1217994W001,2008-09-30,104.98343333333334
396422N1217994W001,2008-10-31,107.70621875
396422N1217994W001,2008-11-30,110.53806666666667
396422N1217994W001,2008-12-31,112.205375
396422N1217994W001,2009-01-31,111.48026666666667
396422N1217994W001,2009-02-28,114.60151724137931
396422N1217994W001,2009-03-31,115.03809375
396422N1217994W001,2009-04-30,111.84233333333333
396422N1217994W001,2009-05-31,105.58296875
396422N1217994W001,2009-06-30,100.58035483870968
396422N1217994W001,2009-07-31,96.0316875
396422N1217994W001,2009-08-31,98.86632258064517
396422N1217994W001,2009-09-30,102.34830000000001
396422N1217994W001,2009-10-31,106.20453125
396422N1217994W001,2009-11-30,108.53416666666666
396422N1217994W001,2009-12-31,110.99545161290322
396422N1217994W001,2010-01-31,113.8962
396422N1217994W001,2010-02-28,116.69275862068966
396422N1217994W001,2010-03-31,118.03809375
396422N1217994W001,2010-04-30,119.49536666666667
396422N1217994W001,2010-05-31,113.55829032258065
396422N1217994W001,2010-06-30,106.70048387096774
396422N1217994W001,2010-07-31,100.05846875
396422N1217994W001,2010-08-31,101.85229032258064
396422N1217994W001,2010-09-30,105.14
396422N1217994W001,2010-10-31,108.0475625
396422N1217994W001,2010-11-30,110.91529999999999
396422N1217994W001,2010-12-31,113.60603225806452
396422N1217994W001,2011-01-31,115.92753333333333
396422N1217994W001,2011-02-28,116.24224137931034
396422N1217994W001,2011-03-31,119.709375
396422N1217994W001,2011-04-30,118.84083333333334
396422N1217994W001,2011-05-31,119.31045161290322
396422N1217994W001,2011-06-30,112.64264516129032
396422N1217994W001,2011-07-31,107.26003125
396422N1217994W001,2011-08-31,107.1316129032258
396422N1217994W001,2011-09-30,110.65959375
396422N1217994W001,2011-10-31,113.71048387096775
396422N1217994W001,2011-11-30,115.24603333333333
396422N1217994W001,2011-12-31,113.9550322580645
396422N1217994W001,2012-01-31,115.4033
396422N1217994W001,2012-02-29,116.59556666666667
396422N1217994W001,2012-03-31,118.41554054054055
396422N1217994W001,2012-04-30,117.35480000000001
396422N1217994W001,2012-05-31,109.20148387096775
396422N1217994W001,2012-06-30,101.68748387096774
396422N1217994W001,2012-07-31,96.49109375
396422N1217994W001,2012-08-31,98.7158064516129
396422N1217994W001,2012-09-30,100.22923333333333
396422N1217994W001,2012-10-31,103.89828125
396422N1217994W001,2012-11-30,107.04643333333334
396422N1217994W001,2012-12-31,110.19861290322581
396422N1217994W001,2013-01-31,113.0163
396422N1217994W001,2013-02-28,114.21075862068966
396422N1217994W001,2013-03-31,112.69584375
396422N1217994W001,2013-04-30,107.5785
396422N1217994W001,2013-05-31,101.13235483870967
396422N1217994W001,2013-06-30,95.74087096774194
396422N1217994W001,2013-07-31,92.18871875
396422N1217994W001,2013-08-31,96.09625806451612
396422N1217994W001,2013-09-30,98.3403
396422N1217994W001,2013-10-31,99.5263125
396422N1217994W001,2013-11-30,101.7072
396422N1217994W001,2013-12-31,100.71977419354839
396422N1217994W001,2014-01-31,100.09106666666666
396422N1217994W001,2014-02-28,104.61507142857144
396422N1217994W001,2014-03-31,106.1711875
396422N1217994W001,2014-04-30,102.02529032258064
396422N1217994W001,2014-05-31,95.60809375
396422N1217994W001,2014-06-30,91.4181935483871
396422N1217994W001,2014-07-31,90.11821875
396422N1217994W001,2014-08-31,92.83796875
396422N1217994W001,2014-09-30,94.22383333333333
396422N1217994W001,2014-10-31,96.8733125
396422N1217994W001,2014-11-30,99.8315
396422N1217994W001,2014-12-31,102.6818064516129
396422N1217994W001,2015-01-31,104.68706666666667
396422N1217994W001,2015-02-28,105.95425
396422N1217994W001,2015-03-31,104.38012121212121
396422N1217994W001,2015-04-30,101.13254838709678
396422N1217994W001,2015-05-31,95.33959375
396422N1217994W001,2015-06-30,90.79458064516129
396422N1217994W001,2015-07-31,88.56581249999999
396422N1217994W001,2015-08-31,91.00912903225806
396422N1217994W001,2015-09-30,92.01146666666666
396422N1217994W001,2016-02-29,105.68
396422N1217994W001,2016-03-31,106.45559375
396422N1217994W001,2016-04-30,104.35651612903226
396422N1217994W001,2016-05-31,98.2334375
396422N1217994W001,2016-06-30,93.38380645161291
396422N1217994W001,2016-07-31,90.039875
396422N1217994W001,2016-08-31,93.33971875
396422N1217994W001,2016-09-30,93.90074074074074
396422N1217994W001,2017-02-28,
396422N1217994W001,2017-06-30,100.07
396422N1217994W001,2017-07-31,98.12
396422N1217994W001,2017-09-30,103.479
396422N1217994W001,2017-10-31,105.74287096774194
396422N1217994W001,2017-11-30,108.97886666666666
396422N1217994W001,2017-12-31,110.738
396422N1217994W001,2018-01-31,112.66523333333333
396422N1217994W001,2018-02-28,108.47962068965518
396422N1217994W001,2018-03-31,111.6990625
396422N1217994W001,2018-04-30,108.79400000000001
396422N1217994W001,2018-05-31,102.18709677419355
396422N1217994W001,2018-06-30,96.2721935483871
396422N1217994W001,2018-07-31,92.33334782608695
396422N1217994W001,2018-10-31,99.83
396422N1217994W001,2018-11-30,104.98
396422N1217994W001,2019-03-31,118.23
396422N1217994W001,2019-06-30,112.28
396422N1217994W001,2019-07-31,108.48
396422N1217994W001,2019-10-31,110.78
396422N1217994W001,2020-02-29,114.37
396422N1217994W001,2020-06-30,100.88
396422N1217994W001,2020-07-31,96.88
396422N1217994W001,2020-09-30,99.88
396422N1217994W001,2020-10-31,100.48087096774194
396422N1217994W001,2020-11-30,101.20113333333333
396422N1217994W001,2020-12-31,104.11306451612903
396422N1217994W001,2021-01-31,106.5055
396422N1217994W001,2021-02-28,108.11279310344828
396422N1217994W001,2021-03-31,107.9348125
396422N1217994W001,2021-04-30,102.86046666666667
396422N1217994W001,2021-05-31,95.905
396422N1217994W001,2021-06-30,90.72612903225807
396422N1217994W001,2021-07-31,88.81353125
396422N1217994W001,2021-08-31,91.85574193548386
396422N1217994W001,2021-09-30,97.36389855072464
396568N1217818W001,1995-07-31,114.22999999999999
396568N1217818W001,1995-09-30,129.13
396568N1217818W001,1996-03-31,138.13
396568N1217818W001,1996-07-31,111.83
396568N1217818W001,1996-09-30,125.63
396568N1217818W001,1997-01-31,135.83
396568N1217818W001,1997-02-28,132.53
396568N1217818W001,1997-07-31,106.58000000000001
396568N1217818W001,1997-09-30,123.43
396568N1217818W001,1998-02-28,143.93
396568N1217818W001,1998-06-30,129.33
396568N1217818W001,1998-08-31,125.03
396568N1217818W001,1998-09-30,129.93
396568N1217818W001,1999-02-28,140.13
396568N1217818W001,1999-09-30,128.33
396568N1217818W001,2000-03-31,136.43
396568N1217818W001,2000-06-30,121.43
396568N1217818W001,2000-08-31,114.43
396568N1217818W001,2000-09-30,120.33
396568N1217818W001,2001-03-31,132.13
396568N1217818W001,2001-07-31,106.33
396568N1217818W001,2001-09-30,119.23
396568N1217818W001,2002-03-31,131.13
396568N1217818W001,2002-04-30,106.33
396568N1217818W001,2002-08-31,103.63
396568N1217818W001,2002-10-31,108.93
396568N1217818W001,2003-02-28,131.13
396568N1217818W001,2003-07-31,109.83
396568N1217818W001,2003-08-31,113.73
396568N1217818W001,2004-03-31,132.43
396568N1217818W001,2004-07-31,103.73
396568N1217818W001,2004-08-31,110.03
396568N1217818W001,2004-10-31,110.33
396568N1217818W001,2005-03-31,129.63
396568N1217818W001,2005-06-30,112.03
396568N1217818W001,2005-07-31,101.23
396568N1217818W001,2005-10-31,115.63
396568N1217818W001,2006-03-31,137.23
396568N1217818W001,2006-07-31,107.53
396568N1217818W001,2006-08-31,113.23
396568N1217818W001,2006-09-30,122.83
396568N1217818W001,2007-03-31,121.93
396568N1217818W001,2007-06-30,105.53
396568N1217818W001,2007-07-31,97.63
396568N1217818W001,2007-10-31,114.27
396568N1217818W001,2008-02-29,122.83
396568N1217818W001,2008-06-30,91.23
396568N1217818W001,2008-07-31,99.38
396568N1217818W001,2008-10-31,111.93
396568N1217818W001,2008-12-31,116.53
396568N1217818W001,2009-03-31,118.53
396568N1217818W001,2009-04-30,112.43
396568N1217818W001,2009-06-30,97.13
396568N1217818W001,2009-07-31,80.63
396568N1217818W001,2009-08-31,106.13
396568N1217818W001,2009-10-31,111.63
396568N1217818W001,2010-03-31,121.03
396568N1217818W001,2010-06-30,105.53
396568N1217818W001,2010-07-31,95.73
396568N1217818W001,2010-10-31,106.43
396568N1217818W001,2011-03-31,112.33
396568N1217818W001,2011-06-30,103.13
396568N1217818W001,2011-07-31,103.63
396568N1217818W001,2011-09-30,114.13
396568N1217818W001,2012-03-31,118.83
396568N1217818W001,2012-06-30,92.43
396568N1217818W001,2012-07-31,86.43
396568N1217818W001,2012-10-31,106.43
396568N1217818W001,2013-03-31,111.63
396568N1217818W001,2013-06-30,91.13
396568N1217818W001,2013-07-31,90.43
396568N1217818W001,2013-10-31,99.03
396568N1217818W001,2014-03-31,107.33
396568N1217818W001,2014-04-30,106.43
396568N1217818W001,2014-05-31,94.43
396568N1217818W001,2014-06-30,93.83
396568N1217818W001,2014-07-31,93.23
396568N1217818W001,2014-08-31,96.13
396568N1217818W001,2014-10-31,98.23
396568N1217818W001,2015-03-31,104.23
396568N1217818W001,2015-04-30,
396568N1217818W001,2015-05-31,93.73
396568N1217818W001,2015-06-30,91.23
396568N1217818W001,2015-07-31,88.03
396568N1217818W001,2015-09-30,94.13
396568N1217818W001,2016-02-29,107.83
396568N1217818W001,2016-03-31,108.63
396568N1217818W001,2016-04-30,104.93
396568N1217818W001,2016-05-31,98.23
396568N1217818W001,2016-06-30,93.63
396568N1217818W001,2016-07-31,93.23
396568N1217818W001,2016-08-31,99.83
396568N1217818W001,2016-09-30,95.93
396568N1217818W001,2017-02-28,111.93
396568N1217818W001,2017-06-30,90.83
396568N1217818W001,2017-07-31,97.43
396568N1217818W001,2017-09-30,106.33
396568N1217818W001,2018-03-31,114.23
396568N1217818W001,2018-06-30,58.33
396568N1217818W001,2018-07-31,93.53
396568N1217818W001,2018-10-31,100.23
396568N1217818W001,2018-11-30,98.83
396568N1217818W001,2019-03-31,120.53
396568N1217818W001,2019-06-30,97.33
396568N1217818W001,2019-07-31,103.83
396568N1217818W001,2019-10-31,111.03
396568N1217818W001,2020-02-29,110.33
396568N1217818W001,2020-06-30,94.23
396568N1217818W001,2020-07-31,80.83
396568N1217818W001,2020-09-30,104.33
396568N1217818W001,2021-03-31,110.33
396568N1217818W001,2021-06-30,83.33
396568N1217818W001,2021-07-31,89.43
396568N1217818W001,2021-09-30,96.41928571428572
