id,nrd,idwn,name,irv,igw,botr,x,y,proj,geometry,bathymetry_ft
55,21,2701,SACRAMENTO,2680,63,467.09,549657.1115,4493703.576,0.0,POINT (549657.1115 4493703.576),
55,21,2701,SACRAMENTO,2681,64,476.46,550404.0998,4493744.533,748.1102834380764,POINT (550404.0998 4493744.533),
55,21,2701,SACRAMENTO,2682,42,473.26,551176.6847,4493733.95,1520.767663909542,POINT (551176.6847 4493733.95),
55,21,2701,SACRAMENTO,2683,43,462.87,551991.603,4493596.366,2347.218625994327,POINT (551991.603 4493596.366),
55,21,2701,SACRAMENTO,2684,44,462.56,552764.1878,4493702.199,3127.0185343553694,POINT (552764.1878 4493702.199),
55,21,2701,SACRAMENTO,2685,45,455.64,553547.3561,4493585.783,3918.792031752805,POINT (553547.3561 4493585.783),
55,21,2701,SACRAMENTO,2686,69,452.24,553494.4394,4492876.698,4629.848790643283,POINT (553494.4394 4492876.698),
55,21,2701,SACRAMENTO,2687,70,445.49,553833.1068,4492104.113,5473.402695291734,POINT (553833.1068 4492104.113),
55,21,2701,SACRAMENTO,2688,96,450.6,553261.6056,4491596.112,6238.045512300132,POINT (553261.6056 4491596.112),
55,21,2701,SACRAMENTO,2689,126,446.94,552743.0212,4490961.111,7057.896748759907,POINT (552743.0212 4490961.111),
55,21,2701,SACRAMENTO,2690,127,444.18,552922.9382,4490230.859,7809.985912617573,POINT (552922.9382 4490230.859),
55,21,2701,SACRAMENTO,2691,165,438.62,552827.688,4489288.941,8756.707687652372,POINT (552827.688 4489288.941),
55,21,2701,SACRAMENTO,2692,205,434.87,552975.855,4488579.856,9481.1074371788,POINT (552975.855 4488579.856),
55,21,2701,SACRAMENTO,2693,206,417.12,553790.7733,4488294.105,10344.672993274851,POINT (553790.7733 4488294.105),
55,21,2701,SACRAMENTO,2694,168,424.06,554415.1912,4487754.354,11170.038885374584,POINT (554415.1912 4487754.354),
55,21,2701,SACRAMENTO,2695,210,428.43,554711.5251,4487034.686,11948.32919786341,POINT (554711.5251 4487034.686),
55,21,2701,SACRAMENTO,2696,209,423.23,554161.6138,4486617.598,12638.521082494926,POINT (554161.6138 4486617.598),
55,21,2701,SACRAMENTO,2697,245,419.85,554277.6076,4485838.767,13425.942372656551,POINT (554277.6076 4485838.767),
55,21,2701,SACRAMENTO,2698,246,420.63,554319.9409,4485055.599,14210.253678524485,POINT (554319.9409 4485055.599),421.8160095214844
55,21,2701,SACRAMENTO,2699,286,416.73,553790.7733,4484642.848,14881.358541337251,POINT (553790.7733 4484642.848),429.7705078125
55,21,2701,SACRAMENTO,2700,330,412.19,553589.6895,4484050.18,15507.21000362449,POINT (553589.6895 4484050.18),420.4012756347656
56,19,2748,SACRAMENTO,2701,330,412.19,553589.6895,4484050.18,15507.21000362449,POINT (553589.6895 4484050.18),420.4012756347656
56,19,2748,SACRAMENTO,2702,331,407.15,554065.9405,4483510.429,16227.033702180062,POINT (554065.9405 4483510.429),418.51776123046875
56,19,2748,SACRAMENTO,2703,332,407.21,554679.775,4483065.928,16984.908317397225,POINT (554679.775 4483065.928),416.0851135253906
56,19,2748,SACRAMENTO,2704,333,405.03,555507.2377,4482926.744,17823.99514588844,POINT (555507.2377 4482926.744),411.2367248535156
56,19,2748,SACRAMENTO,2705,290,399.21,556288.4449,4483140.012,18633.79013794249,POINT (556288.4449 4483140.012),403.9440612792969
56,19,2748,SACRAMENTO,2706,291,395.86,556722.3624,4482473.26,19429.304202124054,POINT (556722.3624 4482473.26),398.5649108886719
56,19,2748,SACRAMENTO,2707,292,382.62,556923.4462,4481637.175,20289.23025815875,POINT (556923.4462 4481637.175),400.6460266113281
56,19,2748,SACRAMENTO,2708,337,375.34,557389.1138,4481044.507,21042.95545470808,POINT (557389.1138 4481044.507),396.5062561035156
56,19,2748,SACRAMENTO,2709,338,384.54,557939.4481,4480420.09,21875.280169976068,POINT (557939.4481 4480420.09),389.3058166503906
56,19,2748,SACRAMENTO,2710,339,382.9,558764.9498,4480473.006,22702.47613210279,POINT (558764.9498 4480473.006),389.4776306152344
56,19,2748,SACRAMENTO,2711,381,383.29,559643.3683,4480420.09,23582.487020784472,POINT (559643.3683 4480420.09),388.7118835449219
56,19,2748,SACRAMENTO,2712,382,383.29,560428.3765,4480187.439,24401.244837155173,POINT (560428.3765 4480187.439),389.7290344238281
56,19,2748,SACRAMENTO,2713,383,381.07,561245.3624,4479975.983,25245.152178475808,POINT (561245.3624 4479975.983),383.99420166015625
56,19,2748,SACRAMENTO,2714,344,374.24,561831.6698,4480504.621,26034.591537982986,POINT (561831.6698 4480504.621),387.9896240234375
56,19,2748,SACRAMENTO,2715,345,365.17,562581.3747,4480389.282,26793.116766307772,POINT (562581.3747 4480389.282),374.45989990234375
56,19,2748,SACRAMENTO,2716,386,373.11,563075.9031,4479861.994,27516.021305891118,POINT (563075.9031 4479861.994),388.4021301269531
56,19,2748,SACRAMENTO,2717,387,366.13,563657.9875,4479364.576,28281.688933159647,POINT (563657.9875 4479364.576),383.6150817871094
56,19,2748,SACRAMENTO,2718,432,363.92,564397.9669,4479351.229,29021.788693214527,POINT (564397.9669 4479351.229),367.8887939453125
56,19,2748,SACRAMENTO,2719,433,361.41,565195.7296,4479485.792,29830.82053837283,POINT (565195.7296 4479485.792),362.98321533203125
58,15,2860,SACRAMENTO,2748,433,361.41,565195.7296,4479485.792,29830.82053837283,POINT (565195.7296 4479485.792),362.98321533203125
58,15,2860,SACRAMENTO,2749,434,358.06,565560.9704,4478716.864,30682.084957439627,POINT (565560.9704 4478716.864),362.0886535644531
58,15,2860,SACRAMENTO,2750,480,358.05,565974.2691,4478053.664,31463.525969558887,POINT (565974.2691 4478053.664),357.7073059082031
58,15,2860,SACRAMENTO,2751,481,352.45,566541.3536,4477515.414,32245.381386269833,POINT (566541.3536 4477515.414),378.40264892578125
58,15,2860,SACRAMENTO,2752,483,339.75,567139.9111,4477046.822,33005.54554174575,POINT (567139.9111 4477046.822),340.8666076660156
58,15,2860,SACRAMENTO,2753,484,353.69,567560.929,4476290.044,33871.553055226024,POINT (567560.929 4476290.044),354.22174072265625
58,15,2860,SACRAMENTO,2754,532,351.56,568248.8471,4475655.043,34807.74618824337,POINT (568248.8471 4475655.043),353.0310974121094
58,15,2860,SACRAMENTO,2755,590,348.56,568354.6807,4474755.458,35713.535304491685,POINT (568354.6807 4474755.458),350.1856994628906
58,15,2860,SACRAMENTO,2756,654,348.41,568481.6808,4473898.206,36580.14364561411,POINT (568481.6808 4473898.206),353.8647766113281
58,15,2860,SACRAMENTO,2757,726,345.47,568629.8478,4473030.371,37460.53619846422,POINT (568629.8478 4473030.371),346.3050537109375
58,15,2860,SACRAMENTO,2758,725,345.14,568598.0977,4472130.786,38360.681320694486,POINT (568598.0977 4472130.786),346.2288818359375
58,15,2860,SACRAMENTO,2759,797,340.03,568291.1805,4471284.118,39261.261616881755,POINT (568291.1805 4471284.118),341.5188903808594
58,15,2860,SACRAMENTO,2760,862,339.15,568013.8967,4470437.978,40151.67680393881,POINT (568013.8967 4470437.978),344.48193359375
58,15,2860,SACRAMENTO,2761,920,338.99,567979.5008,4470263.353,40329.657051612005,POINT (567979.5008 4470263.353),340.6253356933594
58,15,2860,SACRAMENTO,2762,971,334.49,568011.9281,4469999.143,40595.849564439224,POINT (568011.9281 4469999.143),340.5961608886719
64,5,2891,SACRAMENTO,2860,971,338.49,568011.9281,4469999.143,40595.849564439224,POINT (568011.9281 4469999.143),340.5961608886719
64,5,2891,SACRAMENTO,2861,1029,337.66,568431.0803,4469363.306,41357.41194358766,POINT (568431.0803 4469363.306),333.7400207519531
64,5,2891,SACRAMENTO,2862,1031,338.0,569087.2483,4468728.305,42270.52897564058,POINT (569087.2483 4468728.305),337.1967468261719
64,5,2891,SACRAMENTO,2863,1032,335.77,569574.0826,4467998.054,43148.18161687042,POINT (569574.0826 4467998.054),338.7662353515625
64,5,2891,SACRAMENTO,2864,1033,331.56,569997.4168,4467447.719,43842.50175709007,POINT (569997.4168 4467447.719),326.92535400390625
66,38,2950,SACRAMENTO,2891,1033,331.56,569997.4168,4467447.719,43842.50175709007,POINT (569997.4168 4467447.719),326.92535400390625
66,38,2950,SACRAMENTO,2892,1093,322.8,569510.5825,4466897.385,44577.26372345214,POINT (569510.5825 4466897.385),345.4141540527344
66,38,2950,SACRAMENTO,2893,1156,319.67,569182.4985,4466156.55,45387.49554724146,POINT (569182.4985 4466156.55),332.31634521484375
66,38,2950,SACRAMENTO,2894,1155,323.44,568415.6153,4466087.223,46157.50598572346,POINT (568415.6153 4466087.223),329.2713623046875
66,38,2950,SACRAMENTO,2895,1154,322.55,567616.162,4466061.3,46957.379463724705,POINT (567616.162 4466061.3),325.5050048828125
66,38,2950,SACRAMENTO,2896,1222,319.73,567235.1613,4465415.715,47707.007055016154,POINT (567235.1613 4465415.715),324.23651123046875
66,38,2950,SACRAMENTO,2897,1285,312.83,566991.7441,4464664.297,48496.86839979715,POINT (566991.7441 4464664.297),319.63427734375
66,38,2950,SACRAMENTO,2898,1284,308.5,567203.4112,4463891.712,49297.924292633186,POINT (567203.4112 4463891.712),306.5762023925781
66,38,2950,SACRAMENTO,2899,1348,310.2,567838.4125,4463341.378,50138.21838553072,POINT (567838.4125 4463341.378),308.6988220214844
66,38,2950,SACRAMENTO,2900,1288,308.69,568621.5808,4463277.878,50923.956787369985,POINT (568621.5808 4463277.878),312.51593017578125
66,38,2950,SACRAMENTO,2901,1227,305.98,569468.249,4463246.127,51771.22012712459,POINT (569468.249 4463246.127),313.7238464355469
66,38,2950,SACRAMENTO,2902,1161,297.89,570230.2506,4463320.211,52536.81458730481,POINT (570230.2506 4463320.211),310.6814270019531
66,38,2950,SACRAMENTO,2903,1098,287.72,570621.8347,4464029.296,53346.83905890906,POINT (570621.8347 4464029.296),297.6963806152344
66,38,2950,SACRAMENTO,2904,1099,296.03,571266.4792,4464505.196,54148.11762556396,POINT (571266.4792 4464505.196),292.4442443847656
66,38,2950,SACRAMENTO,2905,1100,297.71,572006.5722,4464735.874,54923.32726710157,POINT (572006.5722 4464735.874),318.1550598144531
66,38,2950,SACRAMENTO,2906,1166,295.47,572164.139,4463943.836,55730.886237026214,POINT (572164.139 4463943.836),301.6198425292969
66,38,2950,SACRAMENTO,2907,1164,295.47,571786.0037,4463351.961,56433.241076641534,POINT (571786.0037 4463351.961),291.88861083984375
66,38,2950,SACRAMENTO,2908,1232,296.73,572315.1714,4462759.293,57227.76849149133,POINT (572315.1714 4462759.293),298.15472412109375
66,38,2950,SACRAMENTO,2909,1296,282.96,572008.2542,4462103.125,57952.167975118515,POINT (572008.2542 4462103.125),304.2677917480469
66,38,2950,SACRAMENTO,2910,1360,283.96,571584.92,4461478.707,58706.56156179133,POINT (571584.92 4461478.707),285.6346130371094
66,38,2950,SACRAMENTO,2911,1294,276.15,570895.408,4461665.887,59421.02860129971,POINT (570895.408 4461665.887),264.7890319824219
66,38,2950,SACRAMENTO,2912,1293,282.61,570145.5838,4461267.04,60270.331409675346,POINT (570145.5838 4461267.04),290.4068603515625
66,38,2950,SACRAMENTO,2913,1292,284.21,569404.7489,4460653.206,61232.42731373782,POINT (569404.7489 4460653.206),290.2041015625
66,38,2950,SACRAMENTO,2914,1354,271.57,568981.4147,4459912.371,62085.68480249172,POINT (568981.4147 4459912.371),287.0152587890625
66,38,2950,SACRAMENTO,2915,1413,262.92,568452.247,4459182.119,62987.508753286864,POINT (568452.247 4459182.119),268.24896240234375
66,38,2950,SACRAMENTO,2916,1471,263.3,567933.6627,4458483.618,63857.470432447335,POINT (567933.6627 4458483.618),283.6555480957031
66,38,2950,SACRAMENTO,2917,1469,271.72,567182.2444,4457996.784,64752.812157785054,POINT (567182.2444 4457996.784),274.8072509765625
66,38,2950,SACRAMENTO,2918,1468,271.96,566420.243,4457679.283,65578.31383470824,POINT (566420.243 4457679.283),282.93316650390625
66,38,2950,SACRAMENTO,2919,1467,271.19,565848.7418,4457076.032,66409.29240880189,POINT (565848.7418 4457076.032),271.2047119140625
66,38,2950,SACRAMENTO,2920,1466,271.58,565785.2417,4456303.447,67184.48260799493,POINT (565785.2417 4456303.447),274.1465148925781
66,38,2950,SACRAMENTO,2921,1465,270.39,565922.8253,4455499.112,68000.49978870492,POINT (565922.8253 4455499.112),273.7987365722656
66,38,2950,SACRAMENTO,2922,1522,269.95,566219.1592,4454747.694,68808.23909752467,POINT (566219.1592 4454747.694),270.0891418457031
66,38,2950,SACRAMENTO,2923,1521,261.75,566801.2437,4454207.943,69602.06118536388,POINT (566801.2437 4454207.943),265.33245849609375
66,38,2950,SACRAMENTO,2924,1578,259.06,567552.6618,4454345.526,70365.97102487148,POINT (567552.6618 4454345.526),284.12542724609375
66,38,2950,SACRAMENTO,2925,1579,252.91,567637.3287,4455118.111,71143.18146367204,POINT (567637.3287 4455118.111),266.6570129394531
66,38,2950,SACRAMENTO,2926,1580,245.52,567848.9958,4455901.279,71954.44903817953,POINT (567848.9958 4455901.279),270.8380432128906
66,38,2950,SACRAMENTO,2927,1530,234.24,568314.6634,4456631.531,72820.54042896585,POINT (568314.6634 4456631.531),261.0612487792969
66,38,2950,SACRAMENTO,2928,1531,238.85,569087.2483,4456853.781,73624.45739620067,POINT (569087.2483 4456853.781),262.98638916015625
68,20,2970,SACRAMENTO,2950,1531,238.85,569087.2483,4456853.781,73624.45739620067,POINT (569087.2483 4456853.781),262.98638916015625
68,20,2970,SACRAMENTO,2951,1532,247.73,569785.7497,4456462.197,74425.23341660752,POINT (569785.7497 4456462.197),250.73309326171875
68,20,2970,SACRAMENTO,2952,1533,248.49,570547.7513,4456187.03,75235.3959412229,POINT (570547.7513 4456187.03),232.4615936279297
68,20,2970,SACRAMENTO,2953,1584,250.43,570103.2503,4455488.529,76063.33602722084,POINT (570103.2503 4455488.529),252.45455932617188
68,20,2970,SACRAMENTO,2954,1635,245.06,569849.2497,4454726.527,76866.55664000714,POINT (569849.2497 4454726.527),246.63916015625
68,20,2970,SACRAMENTO,2955,1630,247.95,569626.9994,4453901.025,77721.45356236277,POINT (569626.9994 4453901.025),252.6942596435547
68,20,2970,SACRAMENTO,2956,1629,248.4,569161.3318,4453054.357,78687.73148093205,POINT (569161.3318 4453054.357),251.05398559570312
68,20,2970,SACRAMENTO,2957,1628,249.32,568462.8304,4452334.689,79690.64036813242,POINT (568462.8304 4452334.689),250.93089294433594
68,20,2970,SACRAMENTO,2958,1625,247.61,567719.3497,4451797.584,80607.8346399734,POINT (567719.3497 4451797.584),252.57496643066406
68,20,2970,SACRAMENTO,2959,1572,244.84,567069.9915,4451064.293,81587.31499331826,POINT (567069.9915 4451064.293),248.4098358154297
68,20,2970,SACRAMENTO,2960,1571,236.5,566406.7911,4450458.762,82485.36987055044,POINT (566406.7911 4450458.762),239.96231079101562
68,20,2970,SACRAMENTO,2961,1619,239.98,565955.046,4449670.611,83393.80568786275,POINT (565955.046 4449670.611),246.62466430664062
68,20,2970,SACRAMENTO,2962,1675,240.87,565877.3949,4449430.908,83645.77239506847,POINT (565877.3949 4449430.908),244.163330078125
68,20,2970,SACRAMENTO,2963,1722,243.22,565596.936,4448854.115,84287.13606681621,POINT (565596.936 4448854.115),244.558837890625
68,20,2970,SACRAMENTO,2964,1721,228.83,565020.5943,4448265.389,85111.00987889827,POINT (565020.5943 4448265.389),256.1213684082031
68,20,2970,SACRAMENTO,2965,1720,233.31,565549.7621,4447656.846,85917.44843415623,POINT (565549.7621 4447656.846),248.48812866210938
68,20,2970,SACRAMENTO,2966,1767,231.14,565946.6379,4446942.47,86734.66533926883,POINT (565946.6379 4446942.47),237.8606414794922
68,20,2970,SACRAMENTO,2967,1766,233.69,566489.0348,4446188.406,87663.53934214792,POINT (566489.0348 4446188.406),238.7545166015625
68,20,2970,SACRAMENTO,2968,1813,232.96,567004.9733,4445593.092,88451.31551237553,POINT (567004.9733 4445593.092),238.49667358398438
68,20,2970,SACRAMENTO,2969,1858,233.32,567789.7795,4445080.044,89388.93964915042,POINT (567789.7795 4445080.044),239.0351104736328
69,16,3004,SACRAMENTO,2970,1858,233.68,567789.7795,4445080.044,89388.93964915042,POINT (567789.7795 4445080.044),239.0351104736328
69,16,3004,SACRAMENTO,2971,1909,232.53,568618.9349,4444971.32,90225.19295140107,POINT (568618.9349 4444971.32),252.05722045898438
69,16,3004,SACRAMENTO,2972,1862,230.68,569434.4448,4445153.16,91060.73001377356,POINT (569434.4448 4445153.16),236.16525268554688
69,16,3004,SACRAMENTO,2973,1910,229.78,570193.2089,4444786.111,91903.61074546109,POINT (570193.2089 4444786.111),234.90245056152344
69,16,3004,SACRAMENTO,2974,1967,225.43,570894.3561,4444283.402,92766.35273165896,POINT (570894.3561 4444283.402),228.37872314453125
69,16,3004,SACRAMENTO,2975,1912,219.65,571714.5661,4444455.382,93604.39900991588,POINT (571714.5661 4444455.382),234.27267456054688
69,16,3004,SACRAMENTO,2976,1969,218.27,572415.7132,4444058.506,94410.07749120632,POINT (572415.7132 4444058.506),230.5483856201172
69,16,3004,SACRAMENTO,2977,1970,217.68,573011.027,4443555.796,95189.25389265237,POINT (573011.027 4443555.796),223.88426208496094
69,16,3004,SACRAMENTO,2978,2032,218.33,573262.3817,4442775.274,96009.25009855574,POINT (573262.3817 4442775.274),215.63197326660156
69,16,3004,SACRAMENTO,2979,2033,218.09,573566.6531,4441981.522,96859.32263802661,POINT (573566.6531 4441981.522),235.1368408203125
69,16,3004,SACRAMENTO,2980,2034,216.22,573923.8412,4441187.771,97729.73862408321,POINT (573923.8412 4441187.771),223.75326538085938
69,16,3004,SACRAMENTO,2981,2100,213.62,573765.091,4440235.269,98695.37918143511,POINT (573765.091 4440235.269),227.31890869140625
69,16,3004,SACRAMENTO,2982,2164,206.92,574148.7376,4439613.497,99425.985185842,POINT (574148.7376 4439613.497),219.47189331054688
69,16,3004,SACRAMENTO,2983,2224,206.99,574069.3624,4438740.37,100302.71272647513,POINT (574069.3624 4438740.37),227.9969482421875
69,16,3004,SACRAMENTO,2984,2226,210.07,574638.2177,4438197.973,101088.70945544227,POINT (574638.2177 4438197.973),228.68585205078125
69,16,3004,SACRAMENTO,2985,2167,208.06,575193.8439,4438766.828,101883.89275830446,POINT (575193.8439 4438766.828),214.7159423828125
71,9,3078,SACRAMENTO,3004,2167,208.06,575193.8439,4438766.828,101883.89275830446,POINT (575193.8439 4438766.828),214.7159423828125
71,9,3078,SACRAMENTO,3005,2169,201.78,575629.8397,4437976.078,102786.87553782889,POINT (575629.8397 4437976.078),222.89068603515625
71,9,3078,SACRAMENTO,3006,2228,200.18,575174.7555,4437277.576,103620.54614010105,POINT (575174.7555 4437277.576),228.1519317626953
71,9,3078,SACRAMENTO,3007,2297,198.39,574793.7547,4436504.991,104481.96891193003,POINT (574793.7547 4436504.991),209.83309936523438
71,9,3078,SACRAMENTO,3008,2298,199.66,575026.5885,4435764.157,105258.52965905769,POINT (575026.5885 4435764.157),215.4373016357422
71,9,3078,SACRAMENTO,3009,2299,197.36,575640.4231,4435234.989,106068.96885380385,POINT (575640.4231 4435234.989),211.7321014404297
71,9,3078,SACRAMENTO,3010,2300,194.41,575746.2566,4434515.321,106796.37710227622,POINT (575746.2566 4434515.321),215.66160583496094
71,9,3078,SACRAMENTO,3011,2371,191.04,575714.5066,4433679.236,107633.06473199623,POINT (575714.5066 4433679.236),198.97869873046875
71,9,3078,SACRAMENTO,3012,2372,189.68,575518.5871,4432873.381,108462.39381716354,POINT (575518.5871 4432873.381),193.92391967773438
74,11,3137,SACRAMENTO,3078,2372,189.68,575518.5871,4432873.381,108462.39381716354,POINT (575518.5871 4432873.381),193.92391967773438
74,11,3137,SACRAMENTO,3079,2435,189.63,575230.2391,4432056.395,109328.77173314524,POINT (575230.2391 4432056.395),189.7438201904297
74,11,3137,SACRAMENTO,3080,2491,190.8,575140.0911,4431254.667,110135.55203030595,POINT (575140.0911 4431254.667),195.04049682617188
74,11,3137,SACRAMENTO,3081,2552,188.39,575161.2578,4430503.248,110887.26909326976,POINT (575161.2578 4430503.248),188.8393096923828
74,11,3137,SACRAMENTO,3082,2551,185.12,575637.5087,4429698.913,111822.02559203065,POINT (575637.5087 4429698.913),193.41445922851562
74,11,3137,SACRAMENTO,3083,2614,179.08,576145.5097,4429095.662,112610.68064019953,POINT (576145.5097 4429095.662),189.83326721191406
74,11,3137,SACRAMENTO,3084,2613,179.63,575891.5092,4428375.994,113373.85708390288,POINT (575891.5092 4428375.994),200.18748474121094
74,11,3137,SACRAMENTO,3085,2612,182.83,575499.9251,4427762.16,114101.95754876234,POINT (575499.9251 4427762.16),199.94863891601562
74,11,3137,SACRAMENTO,3086,2611,181.5,575838.5925,4427063.658,114878.23111640924,POINT (575838.5925 4427063.658),194.21702575683594
74,11,3137,SACRAMENTO,3087,2674,179.45,576505.3438,4427254.159,115571.66310806578,POINT (576505.3438 4427254.159),189.73284912109375
74,11,3137,SACRAMENTO,3088,2677,176.51,577225.0119,4427201.242,116293.2740718452,POINT (577225.0119 4427201.242),189.53811645507812
76,12,3171,SACRAMENTO,3137,2677,176.51,577225.0119,4427201.242,116293.2740718452,POINT (577225.0119 4427201.242),189.53811645507812
76,12,3171,SACRAMENTO,3138,2735,175.06,577383.2373,4426395.163,117114.73534996244,POINT (577383.2373 4426395.163),183.99765014648438
76,12,3171,SACRAMENTO,3139,2736,173.64,577373.6257,4425626.235,117883.72342011542,POINT (577373.6257 4425626.235),178.03753662109375
76,12,3171,SACRAMENTO,3140,2737,171.64,577402.4605,4424799.637,118710.82419952228,POINT (577402.4605 4424799.637),176.16685485839844
76,12,3171,SACRAMENTO,3141,2799,169.73,577681.6907,4423985.2,119571.79872386136,POINT (577681.6907 4423985.2),187.92636108398438
76,12,3171,SACRAMENTO,3142,2800,168.42,578359.0254,4423604.199,120348.9371013883,POINT (578359.0254 4423604.199),186.5397186279297
76,12,3171,SACRAMENTO,3143,2872,167.92,578401.3588,4422810.447,121143.8171893639,POINT (578401.3588 4422810.447),180.41036987304688
76,12,3171,SACRAMENTO,3144,2945,164.82,578337.8586,4422016.696,121940.10415108048,POINT (578337.8586 4422016.696),181.75234985351562
76,12,3171,SACRAMENTO,3145,3017,162.32,578009.7747,4421244.111,122779.46499581035,POINT (578009.7747 4421244.111),186.29168701171875
76,12,3171,SACRAMENTO,3146,2942,153.94,577431.2953,4420695.485,123576.72838020691,POINT (577431.2953 4420695.485),167.86891174316406
76,12,3171,SACRAMENTO,3147,2941,154.8,577586.4405,4419942.358,124345.6694125446,POINT (577586.4405 4419942.358),159.02317810058594
76,12,3171,SACRAMENTO,3148,3014,156.99,578337.8586,4419730.691,125126.33072188224,POINT (578337.8586 4419730.691),173.53622436523438
78,25,3196,SACRAMENTO,3171,3014,156.99,578337.8586,4419730.691,125126.33072188224,POINT (578337.8586 4419730.691),173.53622436523438
78,25,3196,SACRAMENTO,3172,3013,154.15,577963.4725,4419075.96,125880.5439770255,POINT (577963.4725 4419075.96),182.3284454345703
78,25,3196,SACRAMENTO,3173,2939,146.56,577368.1588,4418308.666,126851.69714920968,POINT (577368.1588 4418308.666),165.9966583251953
78,25,3196,SACRAMENTO,3174,2938,156.83,578135.452,4417660.436,127856.15769480962,POINT (578135.452 4417660.436),164.4493408203125
78,25,3196,SACRAMENTO,3175,3010,154.9,579101.1831,4417276.789,128895.30233253627,POINT (579101.1831 4417276.789),161.1142120361328
78,25,3196,SACRAMENTO,3176,3088,152.85,579828.7887,4416588.871,129896.62200370769,POINT (579828.7887 4416588.871),157.16407775878906
78,25,3196,SACRAMENTO,3177,3087,147.58,580106.6018,4415755.432,130775.14387893504,POINT (580106.6018 4415755.432),155.9733123779297
78,25,3196,SACRAMENTO,3178,3086,151.02,579511.2882,4415027.826,131715.25492215305,POINT (579511.2882 4415027.826),172.19737243652344
78,25,3196,SACRAMENTO,3179,3085,137.95,579947.8515,4414234.075,132621.14021561365,POINT (579947.8515 4414234.075),139.40518188476562
78,25,3196,SACRAMENTO,3180,3084,138.77,580609.3111,4414657.409,133406.46847690828,POINT (580609.3111 4414657.409),172.11343383789062
78,25,3196,SACRAMENTO,3181,3160,141.05,581323.6876,4415398.244,134435.62846494565,POINT (581323.6876 4415398.244),162.52017211914062
78,25,3196,SACRAMENTO,3182,3159,141.9,582077.7516,4415054.285,135264.43502245884,POINT (582077.7516 4415054.285),161.9373016357422
78,25,3196,SACRAMENTO,3183,3158,140.34,581733.7925,4414313.45,136081.22407704865,POINT (581733.7925 4414313.45),162.31495666503906
78,25,3196,SACRAMENTO,3184,3157,144.01,581227.877,4413592.513,136961.96277331965,POINT (581227.877 4413592.513),164.02337646484375
78,25,3196,SACRAMENTO,3185,3156,143.58,580648.9987,4412977.302,137806.7021773562,POINT (580648.9987 4412977.302),147.57920837402344
78,25,3196,SACRAMENTO,3186,3155,142.28,580754.8323,4412064.487,138725.6319761519,POINT (580754.8323 4412064.487),159.4305877685547
78,25,3196,SACRAMENTO,3187,3078,136.04,580305.0397,4411310.423,139603.65583636856,POINT (580305.0397 4411310.423),168.0079803466797
78,25,3196,SACRAMENTO,3188,3077,141.22,579683.2675,4410781.255,140420.123497037,POINT (579683.2675 4410781.255),158.1550750732422
78,25,3196,SACRAMENTO,3189,3076,142.99,579683.2675,4409987.504,141213.87449703718,POINT (579683.2675 4409987.504),144.87994384765625
78,25,3196,SACRAMENTO,3190,3151,139.25,580265.3522,4409458.336,142000.539209731,POINT (580265.3522 4409458.336),152.89686584472656
78,25,3196,SACRAMENTO,3191,3219,134.9,580860.6658,4409074.69,142708.76412856736,POINT (580860.6658 4409074.69),146.15692138671875
78,25,3196,SACRAMENTO,3192,3282,125.06,580651.181,4408363.803,143449.87424737576,POINT (580651.181 4408363.803),154.6723175048828
78,25,3196,SACRAMENTO,3193,3280,133.64,580569.6236,4407579.791,144238.11686588792,POINT (580569.6236 4407579.791),156.36865234375
78,25,3196,SACRAMENTO,3194,3279,123.59,580688.6863,4406812.498,145014.59254121914,POINT (580688.6863 4406812.498),158.03102111816406
78,25,3196,SACRAMENTO,3195,3341,129.59,581122.4821,4406254.508,145721.368061591,POINT (581122.4821 4406254.508),131.2510986328125
79,26,3248,SACRAMENTO,3196,3341,129.59,581122.4821,4406254.508,145721.368061591,POINT (581122.4821 4406254.508),131.2510986328125
79,26,3248,SACRAMENTO,3197,3404,127.9,581721.1031,4405602.97,146606.15553160047,POINT (581721.1031 4405602.97),134.8065948486328
79,26,3248,SACRAMENTO,3198,3472,126.92,582285.1529,4405143.917,147333.39815527466,POINT (582285.1529 4405143.917),125.5006103515625
79,26,3248,SACRAMENTO,3199,3473,127.05,582717.6748,4405797.506,148117.14159218513,POINT (582717.6748 4405797.506),141.4440460205078
79,26,3248,SACRAMENTO,3200,3408,127.24,583440.3585,4406151.038,148921.66418681463,POINT (583440.3585 4406151.038),138.38856506347656
79,26,3248,SACRAMENTO,3201,3409,128.81,583784.3175,4405436.661,149714.53384306913,POINT (583784.3175 4405436.661),132.67715454101562
79,26,3248,SACRAMENTO,3202,3475,128.81,583387.4418,4404709.056,150543.33982596025,POINT (583387.4418 4404709.056),150.1363067626953
79,26,3248,SACRAMENTO,3203,3536,126.41,583109.6286,4404007.909,151297.51970483735,POINT (583109.6286 4404007.909),141.6159210205078
79,26,3248,SACRAMENTO,3204,3535,117.08,583069.9411,4403214.157,152092.26327049913,POINT (583069.9411 4403214.157),142.48007202148438
79,26,3248,SACRAMENTO,3205,3606,123.35,583559.4212,4402433.635,153013.56960434243,POINT (583559.4212 4402433.635),138.58424377441406
79,26,3248,SACRAMENTO,3206,3605,116.3,584300.256,4401758.946,154015.58829060092,POINT (584300.256 4401758.946),115.83222961425781
79,26,3248,SACRAMENTO,3207,3604,118.92,585094.0076,4401388.528,154891.51699616257,POINT (585094.0076 4401388.528),123.00934600830078
79,26,3248,SACRAMENTO,3208,3607,121.02,585808.384,4400779.985,155829.9509169718,POINT (585808.384 4400779.985),122.29186248779297
79,26,3248,SACRAMENTO,3209,3608,118.16,586483.0729,4399986.234,156871.70221252396,POINT (586483.0729 4399986.234),129.0232696533203
79,26,3248,SACRAMENTO,3210,3609,112.22,586893.178,4399298.316,157672.5875774612,POINT (586893.178 4399298.316),124.85638427734375
79,26,3248,SACRAMENTO,3211,3610,112.22,587342.9703,4398650.085,158461.5847526779,POINT (587342.9703 4398650.085),117.97454833984375
79,26,3248,SACRAMENTO,3212,3612,107.98,588110.2637,4398478.106,159247.9154325605,POINT (588110.2637 4398478.106),114.49876403808594
79,26,3248,SACRAMENTO,3213,3544,109.13,588136.722,4399218.941,159989.2227499828,POINT (588136.722 4399218.941),138.29544067382812
79,26,3248,SACRAMENTO,3214,3545,112.73,588667.2548,4399607.636,160646.9072145257,POINT (588667.2548 4399607.636),122.04312896728516
79,26,3248,SACRAMENTO,3215,3615,109.76,589115.6823,4399113.107,161314.47455539653,POINT (589115.6823 4399113.107),123.62918090820312
79,26,3248,SACRAMENTO,3216,3683,110.92,589274.4326,4398411.96,162033.36868762944,POINT (589274.4326 4398411.96),134.41041564941406
79,26,3248,SACRAMENTO,3217,3682,108.59,589671.3084,4397776.959,162782.19221198407,POINT (589671.3084 4397776.959),115.95594787597656
79,26,3248,SACRAMENTO,3218,3754,109.29,589962.3507,4397102.27,163516.97848506668,POINT (589962.3507 4397102.27),128.18179321289062
79,26,3248,SACRAMENTO,3219,3836,108.44,590358.8961,4396483.866,164251.60203592532,POINT (590358.8961 4396483.866),110.33546447753906
79,26,3248,SACRAMENTO,3220,3835,107.9,590387.7309,4395743.773,164992.25653995574,POINT (590387.7309 4395743.773),131.57281494140625
79,26,3248,SACRAMENTO,3221,3834,107.42,590695.3021,4394974.845,165820.41734092007,POINT (590695.3021 4394974.845),126.66395568847656
81,7,3327,SACRAMENTO,3248,3834,107.42,590695.3021,4394974.845,165820.41734092007,POINT (590695.3021 4394974.845),126.66395568847656
81,7,3327,SACRAMENTO,3249,3912,96.26,590688.2999,4394233.03,166562.26538804904,POINT (590688.2999 4394233.03),103.07318115234375
81,7,3327,SACRAMENTO,3250,3911,106.24,590063.882,4393862.612,167288.2868812328,POINT (590063.882 4393862.612),129.42689514160156
81,7,3327,SACRAMENTO,3251,3910,101.28,589386.5473,4393481.611,168065.42525875976,POINT (589386.5473 4393481.611),106.18242645263672
81,7,3327,SACRAMENTO,3252,3990,92.7,589349.6782,4392831.459,168716.62181406276,POINT (589349.6782 4392831.459),118.48992919921875
81,7,3327,SACRAMENTO,3253,4067,100.91,588859.4867,4392389.325,169376.75072619118,POINT (588859.4867 4392389.325),127.0698471069336
81,7,3327,SACRAMENTO,3254,4066,97.46,588052.5204,4392315.996,170187.04187854115,POINT (588052.5204 4392315.996),95.5256118774414
85,86,3498,SACRAMENTO,3327,4066,96.3,588052.5204,4392315.996,170187.04187854115,POINT (588052.5204 4392315.996),95.5256118774414
85,86,3498,SACRAMENTO,3328,4065,98.96,587417.5191,4391818.578,170993.67148234096,POINT (587417.5191 4391818.578),118.4686279296875
85,86,3498,SACRAMENTO,3329,3985,93.98,586531.6958,4391793.847,171879.8399432918,POINT (586531.6958 4391793.847),118.59819793701172
85,86,3498,SACRAMENTO,3330,3984,83.49,585988.7663,4391225.91,172665.5401901666,POINT (585988.7663 4391225.91),119.40768432617188
85,86,3498,SACRAMENTO,3331,3983,85.95,586330.6121,4390587.345,173389.8493853334,POINT (586330.6121 4390587.345),101.09284210205078
85,86,3498,SACRAMENTO,3332,4063,98.48,587124.3637,4390629.678,174184.72905257338,POINT (587124.3637 4390629.678),121.13356018066406
85,86,3498,SACRAMENTO,3333,4146,96.18,587769.9483,4391010.679,174934.35645185763,POINT (587769.9483 4391010.679),110.84566497802734
85,86,3498,SACRAMENTO,3334,4145,81.61,588267.366,4390428.595,175700.02358013796,POINT (588267.366 4390428.595),118.97542572021484
85,86,3498,SACRAMENTO,3335,4223,90.71,588648.3668,4389846.51,176395.71356628518,POINT (588648.3668 4389846.51),118.40044403076172
85,86,3498,SACRAMENTO,3336,4222,89.25,588401.7711,4389204.489,177083.46381433975,POINT (588401.7711 4389204.489),108.92088317871094
85,86,3498,SACRAMENTO,3337,4142,89.93,587685.2815,4389232.676,177800.5076441557,POINT (587685.2815 4389232.676),94.91636657714844
85,86,3498,SACRAMENTO,3338,4141,89.63,587018.5301,4388915.175,178538.99550079464,POINT (587018.5301 4388915.175),113.29380798339844
85,86,3498,SACRAMENTO,3339,4058,82.45,586457.6124,4388460.091,179261.3043774043,POINT (586457.6124 4388460.091),106.45043182373047
85,86,3498,SACRAMENTO,3340,4139,75.92,586531.6958,4387655.756,180069.0439037248,POINT (586531.6958 4387655.756),91.1001968383789
85,86,3498,SACRAMENTO,3341,4138,80.38,586626.946,4386851.421,180878.99908324092,POINT (586626.946 4386851.421),89.13456726074219
85,86,3498,SACRAMENTO,3342,4137,86.63,587357.1975,4386279.92,181806.2965793302,POINT (587357.1975 4386279.92),103.93561553955078
85,86,3498,SACRAMENTO,3343,4136,79.62,587621.7813,4385507.335,182622.93124026948,POINT (587621.7813 4385507.335),108.59637451171875
85,86,3498,SACRAMENTO,3344,4135,81.54,587103.197,4384925.25,183402.5161448382,POINT (587103.197 4384925.25),102.04110717773438
85,86,3498,SACRAMENTO,3345,4134,74.79,586372.9455,4384650.083,184182.8904980441,POINT (586372.9455 4384650.083),77.44351959228516
85,86,3498,SACRAMENTO,3346,4132,78.27,586136.9332,4383849.312,185017.71742633035,POINT (586136.9332 4383849.312),88.35323333740234
85,86,3498,SACRAMENTO,3347,4131,83.77,586189.85,4383013.227,185855.47533584072,POINT (586189.85 4383013.227),103.43424224853516
85,86,3498,SACRAMENTO,3348,4130,81.24,586200.4334,4382166.559,186702.20947981914,POINT (586200.4334 4382166.559),81.82101440429688
85,86,3498,SACRAMENTO,3349,4211,81.68,585833.1945,4381379.827,187570.43275150587,POINT (585833.1945 4381379.827),103.23785400390625
85,86,3498,SACRAMENTO,3350,4210,78.12,585632.1107,4380586.075,188389.2593095299,POINT (585632.1107 4380586.075),88.587158203125
85,86,3498,SACRAMENTO,3351,4288,69.77,586404.6956,4380332.074,189202.52675367674,POINT (586404.6956 4380332.074),96.61705780029297
85,86,3498,SACRAMENTO,3352,4287,72.25,586658.696,4379675.907,189906.13981146464,POINT (586658.696 4379675.907),81.4051742553711
85,86,3498,SACRAMENTO,3353,4209,58.77,585843.7778,4379548.906,190730.8948821929,POINT (585843.7778 4379548.906),86.6331558227539
85,86,3498,SACRAMENTO,3354,4208,56.36,585716.7776,4378808.071,191482.5367836493,POINT (585716.7776 4378808.071),64.86407470703125
85,86,3498,SACRAMENTO,3355,4207,75.07,585928.4446,4378003.737,192314.25554768325,POINT (585928.4446 4378003.737),80.29415893554688
85,86,3498,SACRAMENTO,3356,4284,73.86,586193.0284,4377188.818,193171.05048451645,POINT (586193.0284 4377188.818),75.63025665283203
85,86,3498,SACRAMENTO,3357,4283,73.87,586457.6124,4376339.504,194060.62283326188,POINT (586457.6124 4376339.504),75.9478988647461
85,86,3498,SACRAMENTO,3358,4361,73.13,586179.7993,4375611.898,194839.46210407914,POINT (586179.7993 4375611.898),86.39885711669922
85,86,3498,SACRAMENTO,3359,4281,71.86,585372.8185,4375532.523,195650.3371882897,POINT (585372.8185 4375532.523),88.33544921875
85,86,3498,SACRAMENTO,3360,4280,68.49,585280.2142,4374778.459,196410.0661350035,POINT (585280.2142 4374778.459),74.50993347167969
85,86,3498,SACRAMENTO,3361,4279,72.01,585677.09,4374050.854,197238.872165779,POINT (585677.09 4374050.854),77.68295288085938
85,86,3498,SACRAMENTO,3362,4358,68.18,586470.8416,4373971.478,198036.58273476924,POINT (586470.8416 4373971.478),85.24850463867188
85,86,3498,SACRAMENTO,3363,4357,54.95,586748.6546,4373204.185,198852.62109833973,POINT (586748.6546 4373204.185),90.34021759033203
85,86,3498,SACRAMENTO,3364,4354,62.26,586100.4242,4372741.163,199649.23394280564,POINT (586100.4242 4372741.163),82.22120666503906
85,86,3498,SACRAMENTO,3365,4353,61.67,585822.611,4371973.87,200465.2723744635,POINT (585822.611 4371973.87),91.08738708496094
85,86,3498,SACRAMENTO,3366,4425,58.63,586272.4037,4371193.348,201366.12089972015,POINT (586272.4037 4371193.348),68.41205596923828
85,86,3498,SACRAMENTO,3367,4424,62.7,586179.7993,4370333.45,202230.99091614078,POINT (586179.7993 4370333.45),81.9203109741211
85,86,3498,SACRAMENTO,3368,4487,60.43,586431.154,4369592.616,203013.30428095555,POINT (586431.154 4369592.616),79.14910888671875
85,86,3498,SACRAMENTO,3369,4486,52.32,586431.154,4368798.864,203807.05628095588,POINT (586431.154 4368798.864),73.83056640625
85,86,3498,SACRAMENTO,3370,4485,48.15,586457.6124,4368005.112,204601.24913186496,POINT (586457.6124 4368005.112),47.76768112182617
85,86,3498,SACRAMENTO,3371,4548,56.81,586536.9875,4367211.361,205398.95901427916,POINT (586536.9875 4367211.361),69.2052230834961
85,86,3498,SACRAMENTO,3372,4547,59.0,586378.2372,4366377.922,206247.38239000025,POINT (586378.2372 4366377.922),74.05230712890625
85,86,3498,SACRAMENTO,3373,4546,59.69,585769.6943,4365888.441,207028.35365099646,POINT (585769.6943 4365888.441),73.42668151855469
85,86,3498,SACRAMENTO,3374,4545,51.23,585981.3614,4365134.377,207811.56210174083,POINT (585981.3614 4365134.377),79.15813446044922
85,86,3498,SACRAMENTO,3375,4544,56.86,585901.9863,4364380.313,208569.79222683242,POINT (585901.9863 4364380.313),76.1414794921875
85,86,3498,SACRAMENTO,3376,4543,49.66,585161.1515,4364353.855,209311.09933367476,POINT (585161.1515 4364353.855),66.46922302246094
85,86,3498,SACRAMENTO,3377,4542,43.4,585253.7557,4363520.416,210149.6672227446,POINT (585253.7557 4363520.416),51.396175384521484
85,86,3498,SACRAMENTO,3378,4608,48.78,585386.0477,4362726.664,210954.36804340314,POINT (585386.0477 4362726.664),51.8375129699707
85,86,3498,SACRAMENTO,3379,4677,54.78,585544.798,4361959.371,211737.91140888998,POINT (585544.798 4361959.371),57.25692367553711
85,86,3498,SACRAMENTO,3380,4676,46.65,585822.611,4361152.39,212591.37400170293,POINT (585822.611 4361152.39),55.57371139526367
85,86,3498,SACRAMENTO,3381,4675,52.59,585386.0477,4360424.785,213439.9001067411,POINT (585386.0477 4360424.785),58.47499084472656
85,86,3498,SACRAMENTO,3382,4750,50.79,585216.1813,4359613.43,214268.84614230352,POINT (585216.1813 4359613.43),54.964717864990234
85,86,3498,SACRAMENTO,3383,4749,46.39,585280.2142,4358731.448,215153.1495181911,POINT (585280.2142 4358731.448),54.88172149658203
85,86,3498,SACRAMENTO,3384,4748,46.64,585042.0887,4357937.696,215981.85090666183,POINT (585042.0887 4357937.696),61.91868209838867
85,86,3498,SACRAMENTO,3385,4834,44.29,585015.6303,4357064.57,216855.3777000728,POINT (585015.6303 4357064.57),49.13032150268555
85,86,3498,SACRAMENTO,3386,4922,42.57,584870.1092,4356284.047,217649.3503344087,POINT (584870.1092 4356284.047),47.720741271972656
85,86,3498,SACRAMENTO,3387,4832,47.7,583970.5241,4356164.984,218556.78041442085,POINT (583970.5241 4356164.984),65.06707000732422
85,86,3498,SACRAMENTO,3388,4831,36.07,583666.2526,4355463.837,219321.10250707623,POINT (583666.2526 4355463.837),73.12874603271484
85,86,3498,SACRAMENTO,3389,4917,43.0,583454.5854,4354643.627,220168.18423138373,POINT (583454.5854 4354643.627),39.90689468383789
85,86,3498,SACRAMENTO,3390,4918,39.89,583864.6905,4353902.792,221014.95615479109,POINT (583864.6905 4353902.792),70.20172119140625
85,86,3498,SACRAMENTO,3391,5005,41.48,583917.6073,4353122.27,221797.2698899431,POINT (583917.6073 4353122.27),64.38488006591797
85,86,3498,SACRAMENTO,3392,5004,28.3,584526.1502,4352553.415,222630.28878058415,POINT (584526.1502 4352553.415),57.235076904296875
85,86,3498,SACRAMENTO,3393,5090,36.63,584327.7124,4351746.434,223461.30977600446,POINT (584327.7124 4351746.434),52.756385803222656
85,86,3498,SACRAMENTO,3394,5002,40.35,583626.565,4351561.225,224186.50633570954,POINT (583626.565 4351561.225),65.8899917602539
85,86,3498,SACRAMENTO,3395,5001,32.99,583586.8775,4350833.62,224915.19291695044,POINT (583586.8775 4350833.62),51.314998626708984
85,86,3498,SACRAMENTO,3396,5000,29.88,584036.67,4350291.223,225619.82601201852,POINT (584036.67 4350291.223),32.91512680053711
85,86,3498,SACRAMENTO,3397,5086,27.24,584777.5047,4350436.744,226374.81767698246,POINT (584777.5047 4350436.744),71.08631134033203
85,86,3498,SACRAMENTO,3398,5085,35.72,584975.9428,4349656.221,227180.17091194252,POINT (584975.9428 4349656.221),44.4844970703125
85,86,3498,SACRAMENTO,3399,5169,32.84,584870.1092,4348955.074,227889.26037491445,POINT (584870.1092 4348955.074),38.77046585083008
85,86,3498,SACRAMENTO,3400,5168,35.82,584618.7545,4348227.469,228659.0578945504,POINT (584618.7545 4348227.469),37.012306213378906
85,86,3498,SACRAMENTO,3401,5254,37.85,584380.6291,4347446.946,229475.09702330147,POINT (584380.6291 4347446.946),45.8514289855957
85,86,3498,SACRAMENTO,3402,5253,23.98,584579.0668,4346719.341,230229.27641628892,POINT (584579.0668 4346719.341),51.03768539428711
85,86,3498,SACRAMENTO,3403,5338,31.88,585227.2974,4347023.612,230945.36562317394,POINT (585227.2974 4347023.612),37.07744216918945
85,86,3498,SACRAMENTO,3404,5339,26.69,585849.0695,4347486.634,231720.6010176331,POINT (585849.0695 4347486.634),37.06884002685547
85,86,3498,SACRAMENTO,3405,5340,28.31,586378.2372,4346851.633,232547.18720474446,POINT (586378.2372 4346851.633),62.313663482666016
85,86,3498,SACRAMENTO,3406,5425,32.36,586047.5074,4346256.319,233228.20185892182,POINT (586047.5074 4346256.319),33.982749938964844
85,86,3498,SACRAMENTO,3407,5424,32.8,585518.3397,4345621.318,234054.7880460339,POINT (585518.3397 4345621.318),36.350975036621094
85,86,3498,SACRAMENTO,3408,5515,32.62,586007.8197,4344986.316,234856.54749275369,POINT (586007.8197 4344986.316),58.914608001708984
85,86,3498,SACRAMENTO,3409,5609,28.86,586325.3204,4344311.627,235602.209575215,POINT (586325.3204 4344311.627),49.54652404785156
85,86,3498,SACRAMENTO,3410,5513,27.85,586007.8197,4343623.709,236359.86244376708,POINT (586007.8197 4343623.709),59.2654914855957
85,86,3498,SACRAMENTO,3411,5607,17.08,586510.5291,4343081.312,237099.39692332654,POINT (586510.5291 4343081.312),62.92273712158203
85,86,3498,SACRAMENTO,3412,5606,31.32,585888.7571,4342684.437,237837.03517179863,POINT (585888.7571 4342684.437),42.72089385986328
87,113,3835,SACRAMENTO,3498,5606,31.32,585888.7571,4342684.437,237837.03517179863,POINT (585888.7571 4342684.437),42.72089385986328
87,113,3835,SACRAMENTO,3499,5605,21.97,585766.387,4341955.729,238575.94639152498,POINT (585766.387 4341955.729),37.42668151855469
87,113,3835,SACRAMENTO,3500,5510,25.69,585118.1566,4341532.394,239350.1654649849,POINT (585118.1566 4341532.394),59.26716613769531
87,113,3835,SACRAMENTO,3501,5603,26.92,585819.3038,4341254.581,240104.34545612553,POINT (585819.3038 4341254.581),31.808433532714844
87,113,3835,SACRAMENTO,3502,5602,27.3,586679.2014,4341029.685,240993.16607543075,POINT (586679.2014 4341029.685),33.01998519897461
87,113,3835,SACRAMENTO,3503,5697,26.17,587367.1195,4340553.434,241829.85378736866,POINT (587367.1195 4340553.434),64.15040588378906
87,113,3835,SACRAMENTO,3504,5792,23.73,587777.2244,4340011.037,242509.83947443406,POINT (587777.2244 4340011.037),24.919939041137695
87,113,3835,SACRAMENTO,3505,5695,29.37,587446.4946,4339309.89,243285.07448152342,POINT (587446.4946 4339309.89),29.8509521484375
87,113,3835,SACRAMENTO,3506,5694,24.16,587592.0157,4338582.284,244027.08990035293,POINT (587592.0157 4338582.284),27.9560489654541
87,113,3835,SACRAMENTO,3507,5693,26.96,588385.7673,4338145.721,244932.97557496733,POINT (588385.7673 4338145.721),34.59038162231445
87,113,3835,SACRAMENTO,3508,5787,28.02,589192.748,4338013.429,245750.72799681438,POINT (589192.748 4338013.429),32.50777816772461
87,113,3835,SACRAMENTO,3509,5872,25.5,589893.8953,4338423.534,246563.00482605587,POINT (589893.8953 4338423.534),31.244285583496094
87,113,3835,SACRAMENTO,3510,5963,26.31,590462.7506,4338793.951,247241.83109707624,POINT (590462.7506 4338793.951),26.277029037475586
87,113,3835,SACRAMENTO,3511,5964,11.62,590978.6891,4339230.515,247917.68660077328,POINT (590978.6891 4339230.515),7.40220308303833
87,113,3835,SACRAMENTO,3512,5965,28.78,591626.9197,4338886.556,248651.51948669297,POINT (591626.9197 4338886.556),30.536855697631836
87,113,3835,SACRAMENTO,3513,5966,14.92,592116.3997,4338449.992,249307.39965600456,POINT (592116.3997 4338449.992),54.344505310058594
87,113,3835,SACRAMENTO,3514,5960,21.35,591428.4816,4338039.887,250108.2850556293,POINT (591428.4816 4338039.887),22.886062622070312
87,113,3835,SACRAMENTO,3515,5959,19.32,591084.5227,4337351.969,250877.4007163813,POINT (591084.5227 4337351.969),31.325435638427734
87,113,3835,SACRAMENTO,3516,5958,24.27,591613.6903,4336716.968,251703.98683947424,POINT (591613.6903 4336716.968),36.0411376953125
87,113,3835,SACRAMENTO,3517,6055,25.84,591838.5867,4335909.987,252541.71992649834,POINT (591838.5867 4335909.987),26.912845611572266
87,113,3835,SACRAMENTO,3518,6053,21.65,592116.3997,4335089.777,253407.70174332184,POINT (592116.3997 4335089.777),52.6492919921875
87,113,3835,SACRAMENTO,3519,6156,23.59,592870.4637,4334679.672,254266.07149297558,POINT (592870.4637 4334679.672),23.554109573364258
87,113,3835,SACRAMENTO,3520,6257,19.75,593571.611,4334004.984,255239.11385260927,POINT (593571.611 4334004.984),42.72550964355469
87,113,3835,SACRAMENTO,3521,6256,15.98,593386.4023,4333078.94,256183.49711828656,POINT (593386.4023 4333078.94),25.466930389404297
87,113,3835,SACRAMENTO,3522,6154,18.73,592619.1091,4333131.857,256952.61288568124,POINT (592619.1091 4333131.857),27.448286056518555
87,113,3835,SACRAMENTO,3523,6153,12.75,591825.3575,4333303.836,257764.78182065944,POINT (591825.3575 4333303.836),21.130685806274414
87,113,3835,SACRAMENTO,3524,6152,21.54,591679.8364,4332536.543,258545.75233123908,POINT (591679.8364 4332536.543),22.869659423828125
87,113,3835,SACRAMENTO,3525,6151,19.71,592074.195,4331800.375,259380.8942530807,POINT (592074.195 4331800.375),24.055631637573242
87,113,3835,SACRAMENTO,3526,6253,16.07,592910.1513,4331570.812,260247.7980000324,POINT (592910.1513 4331570.812),27.289127349853516
87,113,3835,SACRAMENTO,3527,6149,7.87,593293.7979,4330856.436,261058.67270247894,POINT (593293.7979 4330856.436),34.44533920288086
87,113,3835,SACRAMENTO,3528,6251,23.69,594034.6327,4331094.561,261836.83702735897,POINT (594034.6327 4331094.561),43.60673522949219
87,113,3835,SACRAMENTO,3529,6249,24.56,594312.4458,4330525.706,262469.90584633214,POINT (594312.4458 4330525.706),25.895784378051758
87,113,3835,SACRAMENTO,3530,6248,25.24,594021.4035,4329903.934,263156.42317340634,POINT (594021.4035 4329903.934),49.72251892089844
87,113,3835,SACRAMENTO,3531,6358,27.36,594656.4048,4330102.372,263821.7082933705,POINT (594656.4048 4330102.372),31.824146270751953
87,113,3835,SACRAMENTO,3532,6357,17.91,594828.3842,4329454.141,264492.36494426284,POINT (594828.3842 4329454.141),21.538021087646484
87,113,3835,SACRAMENTO,3533,6356,10.42,594682.8632,4328700.077,265260.3420777358,POINT (594682.8632 4328700.077),40.39033508300781
87,113,3835,SACRAMENTO,3534,6458,16.02,595238.4893,4328237.055,265983.6053323569,POINT (595238.4893 4328237.055),26.20012092590332
87,113,3835,SACRAMENTO,3535,6457,15.28,595741.1986,4327707.888,266713.491867508,POINT (595741.1986 4327707.888),53.16572189331055
87,113,3835,SACRAMENTO,3536,6559,15.48,595529.5316,4327006.74,267445.89301223203,POINT (595529.5316 4327006.74),21.87396240234375
87,113,3835,SACRAMENTO,3537,6558,20.72,596085.1577,4326464.343,268222.36894142115,POINT (596085.1577 4326464.343),41.31846237182617
87,113,3835,SACRAMENTO,3538,6557,18.49,595727.9695,4325908.717,268882.90180365846,POINT (595727.9695 4325908.717),24.412729263305664
87,113,3835,SACRAMENTO,3539,6655,14.95,596283.5956,4325300.174,269706.943638671,POINT (596283.5956 4325300.174),18.017208099365234
87,113,3835,SACRAMENTO,3540,6759,15.56,597156.7223,4325181.112,270588.15076193825,POINT (597156.7223 4325181.112),19.57402992248535
87,113,3835,SACRAMENTO,3541,6758,-0.51,597804.9528,4324784.236,271348.2253244032,POINT (597804.9528 4324784.236),0.197363018989563
87,113,3835,SACRAMENTO,3542,6757,10.97,598611.9335,4324956.215,272173.3281220071,POINT (598611.9335 4324956.215),12.959702491760254
87,113,3835,SACRAMENTO,3543,6868,14.92,599326.31,4325339.862,272984.20345420134,POINT (599326.31 4325339.862),16.699026107788086
87,113,3835,SACRAMENTO,3544,6871,18.09,600000.9988,4324903.299,273787.8154437923,POINT (600000.9988 4324903.299),19.0677547454834
87,113,3835,SACRAMENTO,3545,6872,4.79,600543.3958,4324479.965,274475.8606321084,POINT (600543.3958 4324479.965),59.83584213256836
87,113,3835,SACRAMENTO,3546,6981,15.2,600358.187,4323699.442,275278.05665124994,POINT (600358.187 4323699.442),15.40209674835205
87,113,3835,SACRAMENTO,3547,6980,12.27,600318.4994,4322852.774,276125.6543198505,POINT (600318.4994 4322852.774),25.791900634765625
87,113,3835,SACRAMENTO,3548,6979,15.22,600688.9168,4322125.168,276942.12204209046,POINT (600688.9168 4322125.168),13.30908489227295
87,113,3835,SACRAMENTO,3549,6978,2.32,601284.2306,4321635.688,277712.82898436487,POINT (601284.2306 4321635.688),17.655969619750977
87,113,3835,SACRAMENTO,3550,7096,14.19,601231.3138,4321000.687,278350.0310384446,POINT (601231.3138 4321000.687),47.0670051574707
87,113,3835,SACRAMENTO,3551,7097,8.54,601892.7734,4320762.561,279053.04796164646,POINT (601892.7734 4320762.561),17.852624893188477
87,113,3835,SACRAMENTO,3552,7094,16.6,601972.1486,4320061.414,279758.6735975072,POINT (601972.1486 4320061.414),20.82459259033203
87,113,3835,SACRAMENTO,3553,7093,13.98,601879.5443,4319280.892,280544.6698754006,POINT (601879.5443 4319280.892),19.815349578857422
87,113,3835,SACRAMENTO,3554,7092,9.62,601548.8144,4318738.495,281179.9468011289,POINT (601548.8144 4318738.495),53.00227737426758
87,113,3835,SACRAMENTO,3555,7204,13.13,602117.6697,4318182.869,281975.1301788565,POINT (602117.6697 4318182.869),14.837035179138184
87,113,3835,SACRAMENTO,3556,7320,15.52,603004.0257,4318050.577,282871.30434273323,POINT (603004.0257 4318050.577),14.513320922851562
87,113,3835,SACRAMENTO,3557,7439,15.92,603705.1728,4317521.409,283749.7268083282,POINT (603705.1728 4317521.409),
87,113,3835,SACRAMENTO,3558,7440,7.2,604313.7158,4317084.846,284498.66728381213,POINT (604313.7158 4317084.846),
87,113,3835,SACRAMENTO,3559,7437,14.73,603890.3816,4316396.928,285306.40673413826,POINT (603890.3816 4316396.928),
87,113,3835,SACRAMENTO,3560,7317,11.99,603083.4008,4316238.177,286128.85423493676,POINT (603083.4008 4316238.177),
87,113,3835,SACRAMENTO,3561,7201,7.69,602249.9617,4316172.031,286964.9140573925,POINT (602249.9617 4316172.031),
87,113,3835,SACRAMENTO,3562,7200,15.06,602117.6697,4315404.738,287743.5280317815,POINT (602117.6697 4315404.738),
87,113,3835,SACRAMENTO,3563,7315,9.75,602064.753,4314558.07,288591.84806535504,POINT (602064.753 4314558.07),
87,113,3835,SACRAMENTO,3564,7198,11.0,601284.2306,4314359.632,289397.2006941741,POINT (601284.2306 4314359.632),
87,113,3835,SACRAMENTO,3565,7197,13.2,600940.2715,4313724.631,290119.3738953343,POINT (600940.2715 4313724.631),
87,113,3835,SACRAMENTO,3566,7196,-7.51,601231.3138,4313010.254,290890.7623308963,POINT (601231.3138 4313010.254),
87,113,3835,SACRAMENTO,3567,7195,10.85,600503.7081,4312454.628,291806.25690026773,POINT (600503.7081 4312454.628),
87,113,3835,SACRAMENTO,3568,7309,13.14,600834.438,4311766.71,292569.5480907563,POINT (600834.438 4311766.71),
87,113,3835,SACRAMENTO,3569,7308,6.06,600900.584,4310999.417,293339.68693613703,POINT (600900.584 4310999.417),
87,113,3835,SACRAMENTO,3570,7430,3.9,601429.7517,4310628.999,293985.6187819595,POINT (601429.7517 4310628.999),
87,113,3835,SACRAMENTO,3571,7307,10.99,600993.1883,4310007.227,294745.3476955882,POINT (600993.1883 4310007.227),
87,113,3835,SACRAMENTO,3572,7191,3.54,600741.8336,4309292.851,295502.6536143478,POINT (600741.8336 4309292.851),
87,113,3835,SACRAMENTO,3573,7304,11.92,601376.8349,4308618.162,296429.1696140602,POINT (601376.8349 4308618.162),
87,113,3835,SACRAMENTO,3574,7426,12.77,602170.5865,4308380.036,297257.8707630748,POINT (602170.5865 4308380.036),
87,113,3835,SACRAMENTO,3575,7560,9.43,602951.1088,4308062.536,298100.49838592927,POINT (602951.1088 4308062.536),
87,113,3835,SACRAMENTO,3576,7559,-16.39,602752.671,4307639.202,298568.0336637699,POINT (602752.671 4307639.202),
87,113,3835,SACRAMENTO,3577,7558,-3.48,603453.8182,4307110.034,299446.4562091838,POINT (603453.8182 4307110.034),
87,113,3835,SACRAMENTO,3578,7693,6.23,604234.3406,4306990.971,300236.00748356106,POINT (604234.3406 4306990.971),
87,113,3835,SACRAMENTO,3579,7692,9.86,604856.1128,4307136.492,300874.5817001826,POINT (604856.1128 4307136.492),
87,113,3835,SACRAMENTO,3580,7556,5.45,604697.3624,4306488.262,301541.9675124378,POINT (604697.3624 4306488.262),
87,113,3835,SACRAMENTO,3581,7557,2.24,603890.3816,4306567.637,302352.84259664844,POINT (603890.3816 4306567.637),
87,113,3835,SACRAMENTO,3582,7422,3.16,603625.7977,4305787.115,303176.99017604365,POINT (603625.7977 4305787.115),
87,113,3835,SACRAMENTO,3583,7553,7.77,603400.9015,4305072.738,303925.9312944928,POINT (603400.9015 4305072.738),
87,113,3835,SACRAMENTO,3584,7552,4.79,602699.7542,4304715.55,304712.81807392265,POINT (602699.7542 4304715.55),
87,113,3835,SACRAMENTO,3585,7551,5.47,602699.7542,4304080.549,305347.8190739228,POINT (602699.7542 4304080.549),
87,113,3835,SACRAMENTO,3586,7550,6.11,603123.0884,4303392.631,306155.55852424895,POINT (603123.0884 4303392.631),
87,113,3835,SACRAMENTO,3587,7683,2.35,603758.0897,4303114.818,306848.67230565194,POINT (603758.0897 4303114.818),
87,113,3835,SACRAMENTO,3588,7816,-3.49,603890.3816,4302400.441,307575.1952887262,POINT (603890.3816 4302400.441),
87,113,3835,SACRAMENTO,3589,7817,5.62,604472.466,4302717.942,308238.24063689215,POINT (604472.466 4302717.942),
87,113,3835,SACRAMENTO,3590,7938,-10.75,604803.1959,4302281.378,308785.9361662241,POINT (604803.1959 4302281.378),
87,113,3835,SACRAMENTO,3591,7939,-5.04,605411.7387,4302241.691,309395.7717156969,POINT (605411.7387 4302241.691),
87,113,3835,SACRAMENTO,3592,8061,-1.73,605438.1972,4301514.085,310123.8586222251,POINT (605438.1972 4301514.085),
87,113,3835,SACRAMENTO,3593,8062,2.09,605993.8233,4302030.024,310882.0890718395,POINT (605993.8233 4302030.024),
87,113,3835,SACRAMENTO,3594,8063,0.83,606721.4289,4302162.316,311621.62344049,POINT (606721.4289 4302162.316),
87,113,3835,SACRAMENTO,3595,8064,3.48,607171.2215,4302506.275,312187.8576470655,POINT (607171.2215 4302506.275),
87,113,3835,SACRAMENTO,3596,8065,-1.0,607806.2228,4302188.774,312897.81083989074,POINT (607806.2228 4302188.774),
87,113,3835,SACRAMENTO,3597,8066,-11.53,607647.4725,4302929.609,313655.46389701846,POINT (607647.4725 4302929.609),
87,113,3835,SACRAMENTO,3598,8067,-0.23,608441.2241,4303233.88,314505.5359198161,POINT (608441.2241 4303233.88),
87,113,3835,SACRAMENTO,3599,8187,0.1,608824.8706,4302545.962,315293.20070364594,POINT (608824.8706 4302545.962),
87,113,3835,SACRAMENTO,3600,8188,-1.93,609539.2471,4302109.399,316130.4109739612,POINT (609539.2471 4302109.399),
87,113,3835,SACRAMENTO,3601,8297,-0.23,610240.3942,4301897.732,316862.8112570902,POINT (610240.3942 4301897.732),
87,113,3835,SACRAMENTO,3602,8401,-12.3,610306.5403,4301249.501,317514.40832269576,POINT (610306.5403 4301249.501),
87,113,3835,SACRAMENTO,3603,8299,-6.73,610822.4788,4301077.522,318058.25509543915,POINT (610822.4788 4301077.522),
87,113,3835,SACRAMENTO,3604,8400,-4.51,610266.8527,4300561.583,318816.48554505355,POINT (610266.8527 4300561.583),
87,113,3835,SACRAMENTO,3605,8402,-26.04,610504.9782,4299926.582,319494.6669542283,POINT (610504.9782 4299926.582),
87,113,3835,SACRAMENTO,3606,8397,-7.3,610147.7899,4299212.206,320293.3637371398,POINT (610147.7899 4299212.206),
87,113,3835,SACRAMENTO,3607,8510,-2.64,610703.4161,4298444.912,321240.70768553636,POINT (610703.4161 4298444.912),
87,113,3835,SACRAMENTO,3608,8509,-2.82,610729.8746,4297505.64,322180.35226845375,POINT (610729.8746 4297505.64),1.562351942062378
87,113,3835,SACRAMENTO,3609,8393,-1.71,610809.2497,4296619.284,323070.255277346,POINT (610809.2497 4296619.284),2.541698694229126
87,113,3835,SACRAMENTO,3610,8392,-3.36,610888.6248,4295627.094,324065.6152135504,POINT (610888.6248 4295627.094),29.37551498413086
91,18,4138,SACRAMENTO,3835,8392,-3.36,610888.6248,4295627.094,324065.6152135504,POINT (610888.6248 4295627.094),29.37551498413086
91,18,4138,SACRAMENTO,3836,8504,-0.36,611506.0083,4295669.869,324684.47875803924,POINT (611506.0083 4295669.869),6.1451520919799805
91,18,4138,SACRAMENTO,3837,8503,-5.51,612167.4679,4295431.743,325387.49568124115,POINT (612167.4679 4295431.743),28.92462921142578
91,18,4138,SACRAMENTO,3838,8610,-3.67,612842.1568,4295722.785,326122.28174367524,POINT (612842.1568 4295722.785),-5.996612548828125
91,18,4138,SACRAMENTO,3839,8609,-11.52,613186.1158,4295074.555,326856.11409958603,POINT (613186.1158 4295074.555),-6.055233001708984
91,18,4138,SACRAMENTO,3840,8608,-5.48,613688.8252,4294876.117,327396.5716656283,POINT (613688.8252 4294876.117),28.210596084594727
91,18,4138,SACRAMENTO,3841,8500,-0.22,613490.3873,4294095.595,328201.92388213996,POINT (613490.3873 4294095.595),6.808910846710205
91,18,4138,SACRAMENTO,3842,8499,-4.77,613966.6382,4293275.385,329150.37491611636,POINT (613966.6382 4293275.385),3.297957420349121
91,18,4138,SACRAMENTO,3843,8498,-6.67,614059.2426,4292468.404,329962.6519065943,POINT (614059.2426 4292468.404),-1.0590696334838867
91,18,4138,SACRAMENTO,3844,8386,-20.65,613569.7624,4291873.09,330733.3591303754,POINT (613569.7624 4291873.09),5.497631072998047
91,18,4138,SACRAMENTO,3845,8496,-8.04,614032.7843,4291343.923,331436.4999368772,POINT (614032.7843 4291343.923),13.891436576843262
91,18,4138,SACRAMENTO,3846,8495,-11.61,614667.7853,4291383.61,332072.73992930923,POINT (614667.7853 4291383.61),33.875518798828125
91,18,4138,SACRAMENTO,3847,8601,-7.02,615210.1824,4290933.818,332777.3727821857,POINT (615210.1824 4290933.818),45.06880187988281
91,18,4138,SACRAMENTO,3848,8600,-16.3,615911.3295,4291066.11,333490.8911275016,POINT (615911.3295 4291066.11),-5.098663806915283
91,18,4138,SACRAMENTO,3849,8713,-16.56,616030.3923,4291965.695,334398.32108213654,POINT (616030.3923 4291965.695),13.536324501037598
91,18,4138,SACRAMENTO,3850,8712,-16.82,616546.3309,4291899.549,334918.4825304255,POINT (616546.3309 4291899.549),27.313554763793945
91,18,4138,SACRAMENTO,3851,8711,-17.08,617035.8109,4291462.985,335574.36269973655,POINT (617035.8109 4291462.985),31.13538932800293
91,18,4138,SACRAMENTO,3852,8822,-11.52,617763.4166,4291701.111,336339.94355539326,POINT (617763.4166 4291701.111),10.877613067626953
100,6,4144,SACRAMENTO,4138,8822,-11.52,617763.4166,4291701.111,336339.94355539326,POINT (617763.4166 4291701.111),10.877613067626953
100,6,4144,SACRAMENTO,4139,8938,1.55,618596.8558,4291833.403,337183.81681208574,POINT (618596.8558 4291833.403),3.771252393722534
100,6,4144,SACRAMENTO,4140,9056,1.06,618768.8353,4292600.696,337970.14721100853,POINT (618768.8353 4292600.696),1.8364439010620117
100,6,4144,SACRAMENTO,4141,9057,0.57,619178.9403,4293090.176,338608.7212328921,POINT (619178.9403 4293090.176),-0.08681213110685349
100,6,4144,SACRAMENTO,4142,9060,0.09,619006.9608,4293804.552,339343.5069280417,POINT (619006.9608 4293804.552),25.666053771972656
100,6,4144,SACRAMENTO,4143,9062,-0.4,619817.5773,4293653.771,340168.02740688587,POINT (619817.5773 4293653.771),6.561679840087891
101,38,4238,SACRAMENTO,4144,9062,-0.4,619817.5773,4293653.771,340168.02740688587,POINT (619817.5773 4293653.771),6.561679840087891
101,38,4238,SACRAMENTO,4145,9064,-7.85,620812.4127,4293378.604,341200.2165130974,POINT (620812.4127 4293378.604),-3.909707546234131
101,38,4238,SACRAMENTO,4146,9065,-3.62,621563.8308,4292711.853,342204.7990418171,POINT (621563.8308 4292711.853),3.708096981048584
101,38,4238,SACRAMENTO,4147,9066,-2.52,621987.1649,4291971.018,343058.0564809571,POINT (621987.1649 4291971.018),-1.1371631622314453
101,38,4238,SACRAMENTO,4148,9067,-5.9,622283.4989,4291209.017,343875.65012302954,POINT (622283.4989 4291209.017),-1.0128538608551025
101,38,4238,SACRAMENTO,4149,9177,-4.88,622188.2488,4290372.932,344717.1432654704,POINT (622188.2488 4290372.932),-1.5548261404037476
101,38,4238,SACRAMENTO,4150,9169,-3.08,621828.4147,4289547.43,345617.66207789315,POINT (621828.4147 4289547.43),-2.2033960819244385
101,38,4238,SACRAMENTO,4151,9050,-3.05,621479.164,4288721.928,346514.0044251319,POINT (621479.164 4288721.928),-0.339600533246994
101,38,4238,SACRAMENTO,4152,9049,-0.69,621299.247,4287938.76,347317.5728684607,POINT (621299.247 4287938.76),0.9014727473258972
101,38,4238,SACRAMENTO,4153,9048,-9.19,621256.9135,4287060.342,348197.0103636504,POINT (621256.9135 4287060.342),0.9405015707015991
101,38,4238,SACRAMENTO,4154,9163,-12.63,621045.2465,4286213.673,349069.7367322503,POINT (621045.2465 4286213.673),-9.02439022064209
101,38,4238,SACRAMENTO,4155,9045,-4.22,620558.4122,4285546.922,349895.30594900786,POINT (620558.4122 4285546.922),-1.116369605064392
101,38,4238,SACRAMENTO,4156,9044,-3.75,619955.161,4284954.254,350740.9816365655,POINT (619955.161 4284954.254),0.5031898021697998
101,38,4238,SACRAMENTO,4157,9043,-6.61,619373.0765,4284414.503,351534.8037244048,POINT (619373.0765 4284414.503),-0.660228431224823
101,38,4238,SACRAMENTO,4158,9042,-7.1,618886.2422,4283747.752,352360.37294116156,POINT (618886.2422 4283747.752),-2.3763771057128906
101,38,4238,SACRAMENTO,4159,9157,-10.76,618780.4086,4282954.0,353161.14943207114,POINT (618780.4086 4282954),-8.074116706848145
101,38,4238,SACRAMENTO,4160,9156,-3.68,618992.0756,4282139.082,354003.10802108387,POINT (618992.0756 4282139.082),-0.12819090485572815
101,38,4238,SACRAMENTO,4161,9155,-13.02,619510.6601,4281377.08,354924.8329972263,POINT (619510.6601 4281377.08),-8.933083534240723
101,38,4238,SACRAMENTO,4162,9255,-3.21,620283.2449,4280689.162,355959.29829288187,POINT (620283.2449 4280689.162),-0.6029923558235168
101,38,4238,SACRAMENTO,4163,9347,-4.33,621045.2465,4280032.994,356964.88413338776,POINT (621045.2465 4280032.994),-1.2404881715774536
101,38,4238,SACRAMENTO,4164,9440,-14.9,621616.7476,4279239.243,357942.9711220051,POINT (621616.7476 4279239.243),-4.7134809494018555
101,38,4238,SACRAMENTO,4165,9439,-3.36,621975.788,4278580.473,358693.2296919205,POINT (621975.788 4278580.473),-0.9496161937713623
101,38,4238,SACRAMENTO,4166,9438,-13.33,622663.706,4278038.076,359569.258047816,POINT (622663.706 4278038.076),-10.513557434082031
101,38,4238,SACRAMENTO,4167,9540,-13.43,623430.9992,4278421.722,360427.1176564245,POINT (623430.9992 4278421.722),-7.891467094421387
101,38,4238,SACRAMENTO,4168,9650,-17.22,624013.0837,4278845.056,361146.8634731516,POINT (624013.0837 4278845.056),-13.577771186828613
101,38,4238,SACRAMENTO,4169,9649,-15.7,624643.5869,4278445.491,361893.31271753117,POINT (624643.5869 4278445.491),-8.753596305847168
101,38,4238,SACRAMENTO,4170,9648,-13.45,624961.0876,4277662.323,362738.39189176593,POINT (624961.0876 4277662.323),-11.021147727966309
101,38,4238,SACRAMENTO,4171,9647,-6.78,625098.6712,4276868.571,363543.9795558299,POINT (625098.6712 4276868.571),-1.8335540294647217
101,38,4238,SACRAMENTO,4172,9746,-6.72,625150.7942,4276027.238,364386.9255944462,POINT (625150.7942 4276027.238),-5.151630878448486
101,38,4238,SACRAMENTO,4173,9745,-9.53,625230.1695,4275180.57,365237.3061801097,POINT (625230.1695 4275180.57),-2.9625120162963867
101,38,4238,SACRAMENTO,4174,9843,-5.47,625469.0886,4274434.4,366020.79326056776,POINT (625469.0886 4274434.4),-0.8337054252624512
101,38,4238,SACRAMENTO,4175,9842,-5.83,625891.6291,4273738.588,366834.85395454837,POINT (625891.6291 4273738.588),-2.5924336910247803
101,38,4238,SACRAMENTO,4176,9841,-9.45,626513.4012,4273103.587,367723.57596639433,POINT (626513.4012 4273103.587),-4.474320411682129
101,38,4238,SACRAMENTO,4177,9946,-12.41,627148.4024,4273553.379,368501.7400668674,POINT (627148.4024 4273553.379),-3.9081695079803467
101,38,4238,SACRAMENTO,4178,9948,-9.42,627783.4037,4273897.338,369223.91348418704,POINT (627783.4037 4273897.338),-4.300929069519043
101,38,4238,SACRAMENTO,4179,9849,-12.49,628630.0721,4273884.109,370070.68522792886,POINT (628630.0721 4273884.109),-8.87637996673584
101,38,4238,SACRAMENTO,4180,9951,-8.16,629450.2821,4273685.671,370914.55849089194,POINT (629450.2821 4273685.671),-5.255301475524902
101,38,4238,SACRAMENTO,4181,10061,-20.69,629878.9121,4273093.822,371645.3176274763,POINT (629878.9121 4273093.822),-8.110993385314941
103,93,4570,SACRAMENTO,4238,10061,-20.69,629878.9121,4273093.822,371645.3176274763,POINT (629878.9121 4273093.822),-8.110993385314941
103,93,4570,SACRAMENTO,4239,10062,-12.06,630084.165,4272325.86,372440.23547631444,POINT (630084.165 4272325.86),-4.325646877288818
103,93,4570,SACRAMENTO,4240,10165,-20.67,630031.2483,4271532.108,373235.74940745794,POINT (630031.2483 4271532.108),-17.476661682128906
103,93,4570,SACRAMENTO,4241,10163,-14.36,629766.6645,4270857.42,373960.46209850634,POINT (629766.6645 4270857.42),-7.981132507324219
103,93,4570,SACRAMENTO,4242,10162,-16.82,629290.4134,4270209.189,374764.83672491607,POINT (629290.4134 4270209.189),-19.931015014648438
103,93,4570,SACRAMENTO,4243,10161,-18.6,628787.7041,4269627.105,375533.952076058,POINT (628787.7041 4269627.105),-17.976329803466797
103,93,4570,SACRAMENTO,4244,10160,-33.65,629124.225,4269097.365,376161.5433313644,POINT (629124.225 4269097.365),-16.117645263671875
103,93,4570,SACRAMENTO,4245,10278,-22.41,629481.4134,4268290.385,377044.03994523623,POINT (629481.4134 4268290.385),-13.752699851989746
103,93,4570,SACRAMENTO,4246,10277,-20.37,629759.2264,4267351.112,378023.53666881326,POINT (629759.2264 4267351.112),-18.01253890991211
103,93,4570,SACRAMENTO,4247,10276,-27.97,629454.955,4266557.36,378873.6092082833,POINT (629454.955 4266557.36),-5.100791931152344
103,93,4570,SACRAMENTO,4248,10274,-26.67,628793.4953,4266094.339,379681.02321681037,POINT (628793.4953 4266094.339),-24.835044860839844
103,93,4570,SACRAMENTO,4249,10273,-17.31,628033.6401,4265711.263,380531.9798236609,POINT (628033.6401 4265711.263),-33.70903015136719
103,93,4570,SACRAMENTO,4250,10272,-15.05,628284.9948,4265129.179,381166.0152866036,POINT (628284.9948 4265129.179),-12.131407737731934
103,93,4570,SACRAMENTO,4251,10392,-17.51,628708.3288,4264666.157,381793.39160751464,POINT (628708.3288 4264666.157),-26.463518142700195
103,93,4570,SACRAMENTO,4252,10391,-27.19,628165.932,4264203.135,382506.54212538176,POINT (628165.932 4264203.135),-15.741311073303223
103,93,4570,SACRAMENTO,4253,10390,-17.15,627332.4929,4264176.677,383340.4010817844,POINT (627332.4929 4264176.677),-13.903714179992676
103,93,4570,SACRAMENTO,4254,10268,-16.98,626485.8245,4263951.781,384216.4293863353,POINT (626485.8245 4263951.781),-9.871125221252441
103,93,4570,SACRAMENTO,4255,10267,-16.83,625969.886,4263396.155,384974.65942244465,POINT (625969.886 4263396.155),-23.508947372436523
103,93,4570,SACRAMENTO,4256,10266,-16.68,625692.0728,4262681.778,385741.15447932616,POINT (625692.0728 4262681.778),-12.983052253723145
103,93,4570,SACRAMENTO,4257,10265,-20.43,625692.0728,4261808.651,386614.2814793265,POINT (625692.0728 4261808.651),-8.864912033081055
103,93,4570,SACRAMENTO,4258,10264,-17.03,626128.6363,4261160.421,387395.8119153504,POINT (626128.6363 4261160.421),-12.146544456481934
103,93,4570,SACRAMENTO,4259,10263,-13.23,626512.2829,4260472.503,388183.47674788785,POINT (626512.2829 4260472.503),-8.473823547363281
103,93,4570,SACRAMENTO,4260,10381,-14.36,626948.8463,4259784.585,388998.22749317315,POINT (626948.8463 4259784.585),-13.332168579101562
103,93,4570,SACRAMENTO,4261,10502,-25.01,627742.5978,4259387.709,389885.6687605979,POINT (627742.5978 4259387.709),-19.708383560180664
103,93,4570,SACRAMENTO,4262,10620,-16.4,628615.7246,4259467.084,390762.3960839449,POINT (628615.7246 4259467.084),-12.897171974182129
103,93,4570,SACRAMENTO,4263,10621,-15.76,629539.4334,4259458.096,391686.1486110545,POINT (629539.4334 4259458.096),-6.900744915008545
103,93,4570,SACRAMENTO,4264,10744,-23.59,630355.7987,4259094.369,392579.87655264145,POINT (630355.7987 4259094.369),-16.21851921081543
103,93,4570,SACRAMENTO,4265,10870,-23.0,630517.4552,4258253.755,393435.8933287553,POINT (630517.4552 4258253.755),-22.48732566833496
103,93,4570,SACRAMENTO,4266,10869,-26.6,630727.6087,4257356.562,394357.3702806164,POINT (630727.6087 4257356.562),-19.544574737548828
103,93,4570,SACRAMENTO,4267,10996,-23.49,630751.8572,4256459.368,395254.8919034136,POINT (630751.8572 4256459.368),-17.409513473510742
103,93,4570,SACRAMENTO,4268,10995,-29.42,630517.4552,4255651.085,396096.4771371794,POINT (630517.4552 4255651.085),-19.689741134643555
103,93,4570,SACRAMENTO,4269,10994,-24.88,629862.7464,4255182.282,396901.72235797043,POINT (629862.7464 4255182.282),-20.746166229248047
103,93,4570,SACRAMENTO,4270,10864,-22.77,628965.5528,4255109.536,397801.8603120624,POINT (628965.5528 4255109.536),-19.176259994506836
103,93,4570,SACRAMENTO,4271,10863,-31.62,628245.3071,4255088.221,398522.4213418117,POINT (628245.3071 4255088.221),1.3358896970748901
103,93,4570,SACRAMENTO,4272,10862,-40.59,628033.6401,4254479.678,399166.72523108876,POINT (628033.6401 4254479.678),33.15479278564453
103,93,4570,SACRAMENTO,4273,10989,-25.43,628470.2035,4253804.99,399970.3367663243,POINT (628470.2035 4253804.99),-19.49420738220215
103,93,4570,SACRAMENTO,4274,11116,-15.38,628906.7669,4253130.301,400773.9491411301,POINT (628906.7669 4253130.301),-12.447530746459961
103,93,4570,SACRAMENTO,4275,11115,-14.06,629356.5594,4252349.778,401674.79843295715,POINT (629356.5594 4252349.778),-12.822307586669922
103,93,4570,SACRAMENTO,4276,11246,-15.42,629740.206,4251436.964,402664.95706281805,POINT (629740.206 4251436.964),-12.159126281738281
103,93,4570,SACRAMENTO,4277,11393,-20.96,629819.5812,4250537.379,403568.0371227241,POINT (629819.5812 4250537.379),-16.156810760498047
103,93,4570,SACRAMENTO,4278,11392,-30.0,629581.4558,4249624.565,404511.399780836,POINT (629581.4558 4249624.565),-17.96259880065918
103,93,4570,SACRAMENTO,4279,11391,-34.77,628919.996,4249161.543,405318.8144447484,POINT (628919.996 4249161.543),28.644887924194336
103,93,4570,SACRAMENTO,4280,11390,-34.54,628933.2252,4248407.479,406072.99448149535,POINT (628933.2252 4248407.479),-34.141761779785156
103,93,4570,SACRAMENTO,4281,11540,-24.78,629211.0383,4247653.415,406876.60672295763,POINT (629211.0383 4247653.415),-22.732948303222656
103,93,4570,SACRAMENTO,4282,11388,-24.71,629171.3507,4246925.809,407605.29430816084,POINT (629171.3507 4246925.809),-16.72836685180664
103,93,4570,SACRAMENTO,4283,11239,-28.13,628626.0742,4246428.582,408343.2381752545,POINT (628626.0742 4246428.582),-25.275875091552734
103,93,4570,SACRAMENTO,4284,11238,-19.0,628124.939,4245773.873,409167.7261153488,POINT (628124.939 4245773.873),-16.142499923706055
103,93,4570,SACRAMENTO,4285,11237,-35.36,627470.2302,4245296.987,409977.7038124451,POINT (627470.2302 4245296.987),-25.10051155090332
103,93,4570,SACRAMENTO,4286,11235,-23.79,626573.0366,4245086.833,410899.1814625251,POINT (626573.0366 4245086.833),-14.870667457580566
103,93,4570,SACRAMENTO,4287,11105,-39.11,625837.4995,4244803.934,411687.2466055665,POINT (625837.4995 4244803.934),-29.035463333129883
103,93,4570,SACRAMENTO,4288,11104,-21.8,625279.7846,4244124.977,412565.89813918585,POINT (625279.7846 4244124.977),-18.346609115600586
103,93,4570,SACRAMENTO,4289,11102,-23.87,624786.7322,4243486.434,413372.6433480308,POINT (624786.7322 4243486.434),-21.510332107543945
103,93,4570,SACRAMENTO,4290,11101,-23.85,624414.9222,4242758.979,414189.60935290804,POINT (624414.9222 4242758.979),-19.023672103881836
103,93,4570,SACRAMENTO,4291,11228,-18.96,624309.8456,4241910.283,415044.785353673,POINT (624309.8456 4241910.283),-17.637704849243164
103,93,4570,SACRAMENTO,4292,11378,-24.85,624560.4131,4241053.503,415937.45328770933,POINT (624560.4131 4241053.503),-20.38228416442871
103,93,4570,SACRAMENTO,4293,11530,-22.82,624932.2231,4240350.298,416732.9028135271,POINT (624932.2231 4240350.298),-18.336868286132812
103,93,4570,SACRAMENTO,4294,11679,-23.29,625409.1098,4239630.926,417595.9885560936,POINT (625409.1098 4239630.926),-22.04038429260254
103,93,4570,SACRAMENTO,4295,11824,-25.48,625958.7419,4238968.134,418457.02785868954,POINT (625958.7419 4238968.134),-24.929973602294922
103,93,4570,SACRAMENTO,4296,11965,-26.0,626500.2912,4238394.254,419246.0867276786,POINT (626500.2912 4238394.254),-25.146316528320312
103,93,4570,SACRAMENTO,4297,11966,-25.11,627163.0828,4237836.539,420112.30767308193,POINT (627163.0828 4237836.539),-21.427349090576172
103,93,4570,SACRAMENTO,4298,12110,-24.85,627728.8806,4237278.824,420906.77175138233,POINT (627728.8806 4237278.824),-23.29007911682129
103,93,4570,SACRAMENTO,4299,12247,-22.68,628318.9269,4236729.192,421713.15253709577,POINT (628318.9269 4236729.192),-21.33692741394043
103,93,4570,SACRAMENTO,4300,12246,-24.11,628880.3085,4236223.392,422468.78666868224,POINT (628880.3085 4236223.392),-21.54806137084961
103,93,4570,SACRAMENTO,4301,12386,-21.88,629502.0805,4235641.307,423320.5045604803,POINT (629502.0805 4235641.307),-20.845653533935547
103,93,4570,SACRAMENTO,4302,12529,-24.29,630004.7899,4235178.286,424003.9555004087,POINT (630004.7899 4235178.286),-21.010761260986328
103,93,4570,SACRAMENTO,4303,12528,-27.87,630361.9781,4234569.743,424709.58145873854,POINT (630361.9781 4234569.743),10.998409271240234
103,93,4570,SACRAMENTO,4304,12527,-38.26,630084.165,4233828.908,425500.79357679316,POINT (630084.165 4233828.908),6.086719512939453
103,93,4570,SACRAMENTO,4305,12526,-27.04,629502.0805,4233405.574,426220.5393935202,POINT (629502.0805 4233405.574),-27.743846893310547
103,93,4570,SACRAMENTO,4306,12382,-21.84,628734.7873,4233246.823,427004.08309668384,POINT (628734.7873 4233246.823),-15.863580703735352
103,93,4570,SACRAMENTO,4307,12241,-20.69,627927.8066,4233392.345,427824.0797446382,POINT (627927.8066 4233392.345),-18.133752822875977
103,93,4570,SACRAMENTO,4308,12239,-16.07,627120.8257,4233617.241,428661.81262794946,POINT (627120.8257 4233617.241),-14.305498123168945
103,93,4570,SACRAMENTO,4309,12238,-25.82,626472.5953,4233590.782,429310.58279539336,POINT (626472.5953 4233590.782),-19.70184898376465
103,93,4570,SACRAMENTO,4310,12376,-31.13,626075.7196,4232929.323,430081.9700716245,POINT (626075.7196 4232929.323),10.483580589294434
103,93,4570,SACRAMENTO,4311,12520,-31.13,626379.991,4232162.03,430907.39095378487,POINT (626379.991 4232162.03),-17.205097198486328
103,93,4570,SACRAMENTO,4312,12519,-16.9,626314.3862,4231354.113,431717.96721094556,POINT (626314.3862 4231354.113),-11.240764617919922
103,93,4570,SACRAMENTO,4313,12675,-21.6,626249.7237,4230545.831,432528.8315833468,POINT (626249.7237 4230545.831),-17.12216567993164
103,93,4570,SACRAMENTO,4314,12674,-17.12,626265.8892,4229697.134,433377.6825250323,POINT (626265.8892 4229697.134),-16.521709442138672
103,93,4570,SACRAMENTO,4315,12672,-20.0,626260.9281,4228960.565,434114.26823238283,POINT (626260.9281 4228960.565),-17.570980072021484
103,93,4570,SACRAMENTO,4316,12671,-21.92,625824.3648,4228299.105,434906.80646269536,POINT (625824.3648 4228299.105),-14.626557350158691
103,93,4570,SACRAMENTO,4317,12513,-13.24,625045.3825,4227975.492,435750.334054113,POINT (625045.3825 4227975.492),-7.330615043640137
103,93,4570,SACRAMENTO,4318,12512,-13.88,624293.6799,4227611.765,436585.41137351264,POINT (624293.6799 4227611.765),-9.639349937438965
103,93,4570,SACRAMENTO,4319,12511,-14.42,623873.3729,4227086.382,437258.23027257645,POINT (623873.3729 4227086.382),-11.004195213317871
103,93,4570,SACRAMENTO,4320,12510,-11.55,623509.646,4226439.756,438000.134876727,POINT (623509.646 4226439.756),-11.068724632263184
103,93,4570,SACRAMENTO,4321,12509,-10.52,623202.4984,4225873.958,438643.9260113275,POINT (623202.4984 4225873.958),-11.553967475891113
103,93,4570,SACRAMENTO,4322,12508,-12.69,622814.5229,4225340.491,439303.5562325033,POINT (622814.5229 4225340.491),-10.33924388885498
103,93,4570,SACRAMENTO,4323,12366,-13.68,622232.5595,4224952.516,440002.9888593982,POINT (622232.5595 4224952.516),-12.24902057647705
103,93,4570,SACRAMENTO,4324,12365,-12.66,621416.1942,4224879.77,440822.58893477643,POINT (621416.1942 4224879.77),-10.932991027832031
103,93,4570,SACRAMENTO,4325,12226,-14.63,620583.6632,4225065.675,441675.6238314754,POINT (620583.6632 4225065.675),-11.312509536743164
103,93,4570,SACRAMENTO,4326,12092,-16.15,619904.7059,4225518.314,442491.6293949029,POINT (619904.7059 4225518.314),-12.520194053649902
103,93,4570,SACRAMENTO,4327,12091,-29.4,619201.5,4225857.792,443272.4903622196,POINT (619201.5 4225857.792),-16.332242965698242
103,93,4570,SACRAMENTO,4328,12089,-12.78,618393.2175,4225882.041,444081.1365232859,POINT (618393.2175 4225882.041),-10.62735366821289
103,93,4570,SACRAMENTO,4329,11948,-17.78,617617.2664,4226108.36,444889.41889928596,POINT (617617.2664 4226108.36),-14.151036262512207
103,93,4570,SACRAMENTO,4330,11802,-11.42,616787.4027,4226216.148,445726.2534190816,POINT (616787.4027 4226216.148),
109,27,4597,SACRAMENTO,4570,11802,-11.42,616787.4027,4226216.148,445726.2534190816,POINT (616787.4027 4226216.148),
109,27,4597,SACRAMENTO,4571,11801,-47.36,616202.4315,4225506.511,446645.9142133958,POINT (616202.4315 4225506.511),
109,27,4597,SACRAMENTO,4572,11800,-33.61,615742.1263,4224729.746,447548.82325774716,POINT (615742.1263 4224729.746),
109,27,4597,SACRAMENTO,4573,11943,-30.77,615262.6418,4223991.34,448429.2486132299,POINT (615262.6418 4223991.34),
109,27,4597,SACRAMENTO,4574,11942,-41.11,614984.5408,4223137.857,449326.89742957737,POINT (614984.5408 4223137.857),
109,27,4597,SACRAMENTO,4575,11941,-39.75,614811.9263,4222178.888,450301.27790381236,POINT (614811.9263 4222178.888),
109,27,4597,SACRAMENTO,4576,11940,-32.93,614581.7737,4221344.585,451166.7440874939,POINT (614581.7737 4221344.585),
109,27,4597,SACRAMENTO,4577,12079,-32.09,614303.6727,4220539.051,452018.9325592283,POINT (614303.6727 4220539.051),
109,27,4597,SACRAMENTO,4578,12213,-30.57,613900.9057,4219762.286,452893.909771225,POINT (613900.9057 4219762.286),
109,27,4597,SACRAMENTO,4579,12212,-30.14,613411.8314,4219014.29,453787.6052937252,POINT (613411.8314 4219014.29),
109,27,4597,SACRAMENTO,4580,12349,-44.26,612798.0913,4218362.191,454683.0995796643,POINT (612798.0913 4218362.191),
109,27,4597,SACRAMENTO,4581,12209,-32.84,612251.4788,4217805.989,455462.9366716006,POINT (612251.4788 4217805.989),
109,27,4597,SACRAMENTO,4582,12208,-32.58,611666.5076,4217249.787,456270.1243633019,POINT (611666.5076 4217249.787),
109,27,4597,SACRAMENTO,4583,12207,-31.73,611023.9983,4216751.123,457083.44102087285,POINT (611023.9983 4216751.123),
109,27,4597,SACRAMENTO,4584,12072,-44.9,610352.7199,4216223.69,457937.13901184784,POINT (610352.7199 4216223.69),
109,27,4597,SACRAMENTO,4585,12071,-40.79,609681.4415,4215772.975,458745.69247423136,POINT (609681.4415 4215772.975),
109,27,4597,SACRAMENTO,4586,11931,-30.72,608981.394,4215341.438,459568.0614210094,POINT (608981.394 4215341.438),
109,27,4597,SACRAMENTO,4587,11930,-49.83,608281.3465,4214881.133,460405.88431117235,POINT (608281.3465 4214881.133),
109,27,4597,SACRAMENTO,4588,11929,-30.49,607494.9919,4214382.469,461337.0230451094,POINT (607494.9919 4214382.469),
109,27,4597,SACRAMENTO,4589,11928,-32.91,606862.0723,4213979.702,462087.2286678244,POINT (606862.0723 4213979.702),
109,27,4597,SACRAMENTO,4590,11785,-34.54,606171.6145,4213586.525,462881.7852277427,POINT (606171.6145 4213586.525),
109,27,4597,SACRAMENTO,4591,11784,-37.77,605404.5199,4213155.958,463761.4567953399,POINT (605404.5199 4213155.958),
109,27,4597,SACRAMENTO,4592,11782,-37.88,604413.9179,4213149.608,464752.07914765377,POINT (604413.9179 4213149.608),
109,27,4597,SACRAMENTO,4593,11781,-36.34,603410.6159,4213530.609,465825.28773185593,POINT (603410.6159 4213530.609),
109,27,4597,SACRAMENTO,4594,11635,-36.58,602381.9138,4213797.309,466887.99978154036,POINT (602381.9138 4213797.309),
109,27,4597,SACRAMENTO,4595,11634,-36.32,602197.7634,4213816.36,467073.1330049799,POINT (602197.7634 4213816.36),
109,27,4597,SACRAMENTO,4596,11633,-39.98,601179.478,4214023.935,468112.35989862634,POINT (601179.478 4214023.935),
